# Lloyd error ids/# recs,Hole,Species,NSB vs publ. OK,NSB Age Model Date,A.M. source,A.M. quality,A.M. potential errors?,Comments
1/4,354,R. pseudoumbilicus,yes,1995,unknown,unknown,has hiatus,
2/2,354,D. exilis,yes,1995,unknown,unknown,has hiatus,
2/10,407,C. leptoporus,yes,1995,unknown,unknown,has hiatus,
4/28,407,C. abisectus,yes,1995,unknown,unknown,has hiatus,
2/2,407,D. bolli,NO,1995,unknown,unknown,has hiatus,Data D. bolli-D. brouweri mixed-range shifted from E-M Mio to Late Mio-Plio.
5/>20,407,D. brouweri,NO,1995,unknown,unknown,has hiatus,Data D. bolli-D. brouweri mixed-range shifted significantly within Neogene.
2/4,407,S. abies,yes,1995,unknown,unknown,has hiatus,
4/20,609,C. nitescens,no*,1991,Zürich,Excellent,none,latest Mio-Rec pmag age model. *-single isolated occ. error in NSB ca 400 kyr above reported range
6/>20,609,P. lacunosa,yes,1991,Zürich,Excellent,none,
1/6,959A,D. brouweri,yes,2005,Chronos,Excellent,none,"in sister hole 959B very top/bottomost occs. not recorded, reduce range in B hole by ca 100 kyr"
1/1,959A,D. hamatus,yes,2005,Chronos,Excellent,none,"in sister hole 959B very top/bottomost occs. not recorded, reduce range in B hole by ca 100 kyr"
2/18,659A,G. oceanica,yes,1992,Zürich,Mixed,poss. below 6 Ma/core 17,"Good A.M. Rec-6 Ma but much less data, speculative below"
1/5,659A,C. leptoporus,yes,1992,Zürich,Mixed,poss. below 6 Ma/core 17,"Good A.M. Rec-6 Ma but much less data, speculative below"
1/2,659A,E. huxleyi,yes,1992,Zürich,Mixed,poss. below 6 Ma/core 17,"Good A.M. Rec-6 Ma but much less data, speculative below"
2/2,641A,M. hoschulzii,-,-,-,-,-,NSB has no data for this hole
>10/>50,659A,several,-,-,-,-,-,"NSB has no data, and no age model, for lower part of this hole where these species occur"
6/11,899B,several,-,-,-,-,-,NSB has no data for this hole
,,,,,,,,
>10% of total reported errors checked.  Only 10-15% of claimed errors could be confirmed.,,,,,,,,
