Sample,mbsf,Age (Ma),Actinocyclus sp.,Actinoptychus packi,Arachnoidiscus indicus,Arachnoidiscus ehrenbergi,Asterolampra insignis,Asterolampra sp.,Aulacodiscus archangelskianus,Aulacodiscus hirtus,Aulacodiscus pugnalis,Aulacodiscus spA,Aulacodiscus sp. cf A. pugnalis,Auliscus spp,Biddulphia corpulenta,Biddulphia sp.,Briggera includens,Briggera spA,Briggera vemae,Brightwellia sp.,Cerataulina cretacea,Corethron penicillus,Coscinodiscid spF,Coscinodiscus bulliens,Coscinodiscus cruxi,Coscinodiscus argus,Coscinodiscus spC,Coscinodiscus symbolophorus group,Fenestrella barbadensis,Craspedodiscus moelleri,Craspedodiscus sp,Craspedoporus briggeri,Eunotogramma polymorpha,Euodiella bicornigera,Eupodiscus sp. A,Eupodiscus sp. B,Gladius speciosus,Goniothecium odontella,Hemiaulus altus,Hemiaulus februatus,Hemiaulus inaequilaterus,Hemiaulus incurvus,Hemiaulus peripterus,Hemiaulus polymorphus var. morsianus,Cortinocornus rossicus,Hemiaulus spA,Kentrodiscus sp,Kittonia morenoensis,Kittonia spA,Liostephania? stages,Medlinia abyssorum,Medlinia fenestrata,Medlinia spA,Paralia clavigera,Paralia fausta,Odontotropis cristata,Odontotropis galeonis,Odontotropis klavsenii,Pomphodiscus morenoensis,Pseudopyxilla dubia,Pseudotriceratium fallax,Entogoniopsis squamata,Sheshukovia spA,Pterotheca aculeifera,Pterotheca spada,Pyxilla gracilis,Resting spore sp. A,Resting spore sp. C,Riedelia claviger,Rutilaria areolata,Rutilaria limoniformis,Sceptroneis palaeocaenica,Sceptroneis grunowi,Stephanopyxis barbadensis,Stephanopyxis spA,Stephanopyxis spB,Stephanopyxis spC,Stephanopyxis spE,Stephanopyxis spF,Stephanopyxis spG,Stephanopyxis spH,Stephanopyxis discrepans,Stephanopyxis turris,Porpeia sp,Thalassiosiropsis wittiana,Triceratium castellatum,Triceratium crenulatum,Triceratium gombosi,Fenneria kanayae,Entogoniopsis curvinervia,Triceratium sp.,Triceratium dignum,Triceratium pulvinar,Trinacria aries,Trinacria caudata,Trinacria cornuta f. pentagona,Trinacria excavata,Trinacria anissimovii,Solium exsculptum,Trinacria interlineata,Trinacria regina,Trinacria senta,Trinacria simulacrum,Trinacria weissflogii,Undet spA,Undet spB
"96-3-1,114",302.14,55.45,,,X,,,,,,,,,,,,,,,,,,,,,,X,,,,,,,,,,,,,X,,,X,,,,,,,,,,X,,,,,,,,,,,,,,,,,,,,,,,,,,,,,,,,,,,,,,X,,,,X,,,,,,,X,,,,
"96-3-6,93",309.43,55.91,,,X,X,,,,,,,,,,,,,,,,,,,,,X,,X,,,,,,,,,,,,,,X,,,,,,,X,,,X,,,,,,,,,X,,,,,,,,,,,,,,,,,,,,,,,,,,,,,,,,,,,,,,,,,,,,
"208-28-1,65",512.65,44.21,,,,,X,,,,,,,,,,,,,X,,,,X,,X,,?,,,X,,,,,,,?,?,X,,,,,,,X,,,,,,,,,,,,,,,,,X,,,,?,X,,,,,X,X,,,,,,X,,X,,,,,,X,,,,X,,,?,,,,,,,X,,,
"208-30-2,66",550.16,62.3,,,,,,,,,,X,,,,,,,,,,,,,,X,,X,,,,,,,,,,,,,,,X,,,,,,,,,,,,,,,,,,,,,,,,,,,,,,,X,,,,X,X,,,,X,,X,,,,,,,,,X,,,,,,,,X,X,,,
"208-31-3,28",561.28,64.93,,,,,,,,,,X,,,,,,,,,,,,,,,X,X,,,,,,,,,,,,,,,X,,X,,,,,,,,,,,,,,X,,,,,,,,,,X,,,,X,,,X,,,,,,,X,,,,,,,,,,,X,,,,,,,,X,X,,,
"327A-5-1,50",43,57.35,,,,,,,,,,,,,,,,,,,,,,,,,X,,,,,,,,,,,,,X,,X,,,,,,,,,,,,,,,,,,,,,,,,,,,X,,,,,,,X,,,,,,,X,,,,,,,,X,,,,,,,,,,,X,X,,,
"327A-5-3,72",46.22,57.73,,,,,,,,,,,,,,,,,,,,,,,,,,,,,,,,,,,,,,,,X,,,,,,,,,,,,,,,,,,,,,,,,,,,,,,,,,,,,,,,,,,,,,,,,,,,,,,,,,,,,X,,,,
"327A-5-6,38",50.38,58.22,,,,,,,,,,X,,,,,,,,,,,,,,X,X,X,,,,,,,,,,,,X,,,X,,,,,,,,,,,,,,,X,,,,,,,,,,,X,,,,,,,X,,X,X,X,X,,X,,X,,,,,,X,,,X,,,,,,,,X,X,,,
"327A-6-2,128",54.58,58.72,,,X,,,,,,,,,,,,,,,,,,,,,X,X,X,X,,,,,,,,,,,X,,X,,,,,,,,,,,?,,,,,X,,,X,,,,,,,,X,,,,,,,,,,,,X,,X,,,,,,,,,,,X,,,,,,,,X,X,,,
"327A-6-4,108",57.38,59.05,,,X,,,,,,,X,,,,,,,,,,,,,,X,,,X,,,,,,,,,,X,X,,X,,,,,,,,,,,,,,,,X,,,,,,,,,,,,,,,,,,,X,,,,,,,,X,,,,,,,,,,,,,,,,,X,X,,,
"327A-6-6,29",59.59,59.31,,,,,,,,,,,,,,,,,,,,,,,,X,,X,X,,,,,,,,,,,,,X,,,,,,,,,,,,,,,,,,,,,,,,,,,X,,,,,?,,,,,,X,X,,X,,,,,?,,,,,,,,,,X,,,,X,X,,,
"327A-7-2,17",62.67,59.67,,,,,,,,,,,,,,,,,,,,,,,,,X,,X,,,,,,,,,,,,,,,,,,,,,,,,,,,,,X,,,,,,,,,,,,,,,,,,,,,,,X,,X,,X,,,,,,,,,,,,,,,,,X,X,,,
"327A-7-2,128",63.78,59.8,,,,,,,,,,,,,X,,,,,,,,,,,,,X,X,,,,,,,,,,,,,X,,,,,,,,,,,,,,,X,X,,,,,,,,,,,,,,,,X,,,,X,,X,X,,,,,,,,,,,,,,,,,,,,,,,,,
"327A-8-1,112",71.62,60.73,,,,,,,,,,,,,,,,,,,,,,,,X,X,X,,,,,,,,,,,,,,,,,,,,,,,,,,,,,,,,,,,,,,,,,,,,,,,X,,,,,,,,X,,X,,,,,,,,,,,,,X,,,,X,,,,
"327A-8-3,52",74.02,61.01,,,,,,,,,,X,,,,,,,,,,,,,,X,,X,,,,,,,,,,,,,,,,,,,,,,,,,,,,,,,,,,,,,,,,,,,,,,X,X,,,,,,X,,,,X,,,,,,,,,,,,,X,,,,X,X,,,
"384-10-3,103",140.43,63.33,,,,,,,,,,,,,,,,,,,,,,,,X,,,,,,,,,,,,,,,,,,,,,,,,,,,,,X,,,,,,,,,,,,,,,,,,,,,,,,,,,,X,,,,,,,,,,,,?,,,,,,,X,,,,
"700B-28-1,56",257.56,58.11,,,,,,,,,,,,,,,,,,,,,,,,,X,,,,,,,,,,,,,,,X,,,,,,,,,,,,,,,,,,,,,,,,,,,,,,,,,,,,,,,,,,,,,,,,,X,,,,,,,,,,,,,,,
"700B-28-4,111",262.61,58.59,,,,,,,,,,,,,,,,,,,,,,,X,,X,X,,,,,,,,,,,,X,,X,,,,,,,,,,,,,,,,,,,,,,,,,,,,,,X,,,,,,,,,X,,,,,,,,,,,,,X,,,,X,,,,X,X,,,
"700B-29-1,75",267.25,59.03,,,,,,,,,,,,,,,,,,,,,,,,X,X,X,,,,,,,,,,,,,,X,,,,X,,,,,,,,,,,,,,,,,,,,,,,,,,X,,,,,,,,,,,X,,X,,,,,,,,,X,,,,,,,,X,X,,,
"700B-30-1,70",276.7,59.98,,,,,,,,,,,,,,,,,,,,,X,,,,X,X,,,,,,,,,,,,X,,X,,,,,,,,,,,,,,,,,,,,,,,,,,,,,,,,,,,,,,,,,,,X,,,,,,,,,,,,,,,,,,X,,,
"700B-30-6,24",283.74,60.69,,,,,,,,,,,,,,,,,,,,,,,X,,X,X,,,,,,,,,,,,,,,X,,,,,,,,,,,,,,,,,,,,,,,,,,,,,,,,,,,,,,,,,,,,,,,,,,,,,,,,,,,X,,,,
"700B-31-1,60",286.1,60.93,X,,,,,,,,,,,,,,,,,,,,X,?,,,X,,,,,,,,,,,,,,,,,,,,,,,,,X,,,,,,,,,,,,,,,,,,,,,,,,,,,,,,,,,,,,,,,,,,,,,,,,,,,X,,,
"700B-31-5,116",292.66,61.59,X,,,,,,,,,,,,,,,,,,,,,,X,X,X,X,,,,,,,,,,,,,,,,,,,,,,,,,,,,X,,,,,,,,,,,,,,,,,,X,,,,,,,,,,,,,,,,,,,,,,,,,,,,,,,,
"700B-32-2,39",296.89,62.01,,,,,,,,,,,,,,,,,,,,,,,X,,X,,,,,,,,,,,,,,,,,,,,,,,,,,,,,,,,,,,,,,,,,,,,,,,,,,,,,,,,,,,,,,,,,,,,,,,,,,,X,,,,
"752A-19-1,55",171.65,54.66,,,,,,,,,,,,,,,,,,,,,,,,,X,,,,,,,,,,,,,X,,X,X,,,,,,,,X,,X,,X,,,,,,,,,,,,,,,,,,,,X,,,,,,,,,,,,,,,,,,,,,,,,,,,,X,,,
"752A-20-1,55",181.25,55.43,,,,,,,,,,,,,,,,,,,,,,,,,X,,,,,,,,,,,,,X,,,,,,,,,,,,X,X,,,,,,,,,,,,,,,,,,,,,,,,,,,,,,,,,,,,,,,,,,,,,,X,,,,,,,
"752A-21-1,70",191.1,56.23,,,,,,,,,,,,,,,,,,,,,,,,,X,,,,,,,,,,,,,X,,X,,,,,,,,,,,,,,,,,,,,,,,,,,,,,,,,,,,,,,,X,,,,,,,,,,,,,X,,,,,,,X,,,,,
"752A-22-1,85",200.95,57.03,,,,,,,,,,,,,,,,,,,,,,,,,X,,,,,,,,,,,,,X,,X,,,,,,,,,,,X,,,,,,,,,,,,,,,,,,,,,,,,,,,,,,,,,,,,,,,,,X,,,,,,,,,,,,
"752A-23-1,85",210.65,57.81,,,,,,,,,,,,,,,,,,,,,,,,,X,X,,,,,,,,,,,X,X,,X,,,,,,,,,,,,,,,X,,,,,,,,,,,,X,,,X,,,,,,X,,,,,X,,,,,,,,,,,X,,,,,,,,,,,,
"752A-24-1,82",220.32,58.6,,,,,,,,,,,,,,,,,,,,,,,X,,X,,,,,,,,,,,,,X,,X,,,,,,,,,,,,,,,,,,,,,,,,,,,,,,,,,X,X,,X,,,,,X,,,,,,,,,,,X,,,,,,,,X,,X,,
"752A-25-1,38",229.48,59.14,,,,,,,,,,,,,,,,,,,,,,,,,,,,,,,,,,,,,,,,X,,,,,,,,,,,,,,,,,,,,,,,,,,,,,,,,,,,,,,,,,,,,,,,,,,,,X,,,,,,,,X,X,,,
"752A-26-4,69",243.99,59.87,,,,,,,,,,,,,,,,,,,,,,,,X,X,X,X,,,,,,,,,,,X,,X,,,,?,,,,,,,X,,,,,,,,,,,,,,,,,,,,,,,,,X,X,,X,?,X,,X,,,,,,,,,X,,,,,,,,X,X,,,
"752A-27-1,33",248.73,60.11,,,,,,,,,,,,,,,,,,,,,,,,,X,X,,,,,,,,,,,,X,,X,,,,X,,,,,,X,,,,,,,,,,,,,,,,,,,,,,X,,X,,X,,,X,,X,,,,,,,,,,,,,,,,,,,X,X,,,
"752A-28-4,43",263.03,60.83,,,,,,,,,,,,,,,,,,,,,,,,X,,X,,,,,,,,,,,X,X,,,,,,,,,,,X,X,,,,,,,,,,,,,,,,,,,,X,,X,,,,X,X,,,,X,,X,,,X,,,,,,X,,,,,,,,X,,,,
"752A-29-6,45",275.65,61.47,,,,,,,,,,,,,,,,,,,,,,X,,,X,,,,,,,,,,,,,,,,,,,,,,,,,X,,,,,,,,,,,,,,,,,,,,,,,,,,X,,,,,X,,,,,,,,,,,X,,,,,,,,X,,,,
"761B-17-5,24",138.44,59.28,,,,,,,,,,,,,,,,,,,,,,,,,X,,,,,,,,,,,,,X,,,X,,,,,,,,,,X,,,,,,,,,,,,,,,,,,,,,,,,,,,,,,,,,,,,,,X,,,X,,,,,X,,,X,X,,,
"761B-18-6,64",149.84,60.53,,,,,,,,,,,,,,,,,,,,,,,,,,,,,,,,,,,,,,X,,,,,,,,,,,,X,X,,,,,,,,,,,,,,,,,,,,,,,,,X,X,,X,,,,,?,,,,,X,,,X,,,,,X,,,,X,,,
"1051A-45-CC,14",428.31,52.12,,X,X,X,,,,?,,,,,,,X,,,,,,,X,,,,X,,X,,,,,X,,,,,,X,,,X,,,,,X,,X,,X,,,,,,,,,X,,,,X,X,,,,,,,,,,,,X,X,,X,,X,,X,,,,X,,,,,,,,,,,,,,,X,
"1051A-53-2,45",488.06,55.51,,X,,X,,,X,X,,,,,X,,,,,,,,,,,,,,,X,,,,,X,,,,,X,,,X,,,,,,,,X,X,X,,X,,,,,,,X,,,,,,,,,,,,,X,,,,X,,,X,,,,X,,,,X,,,,,,,,,,,,,X,,,X
"1051A-56-2,46",516.86,56.69,X,X,X,,,,X,X,?,,,X,,X,X,,,,,,,,,X,,,,,,,,,X,,,,,,X,,X,,,,,,,X,X,,X,,X,,,,,,,X,,,,,X,,,,,,,,,,,,,,X,X,X,,,X,,,,X,,,,,,,,,,,,X,X,,,
"1051A-60-2,46",555.26,59.32,,X,X,X,,X,,X,,,,,,X,,,,,,,,,,X,,,,X,,,,X,,,,,,,,,,,,,,,,X,X,X,X,,X,,,,,,,,X,,,,,,,,,,,,X,,,,,?,,X,,,,,X,,,,,,,,,,,,,,X,X,,,,
"1051A-64-2,47",584.07,62.05,,X,,X,,,,X,,,,,,,,,X,,,,,,,,,,,X,,,,X,,,,,,X,,,X,,,,,,,,X,,X,,X,,,,,,,,,,,,,,,,,,,,,,,,,,,,X,,,,,,,,,,,,,,,,,,,,X,,,
"1051A-67-2,47",613.07,62.93,,X,X,X,,,,X,?,,,,,,?,,X,,,,,,,X,,X,,,,,,X,,X,,,,,,,X,,,,,,,,X,X,X,,X,,,,,,,,X,,,,,,,,,,,,X,,,X,X,,,,,,,,,,,X,,,,,,?,,,,,,X,,,,
"1121B-6-2,120",35.4,57.44,,,,,,,,,,,,,,,,,,,,,,,,X,X,X,,,,,,,,,,,X,X,,X,X,,,,,,,,,X,,X,,,X,,,,,,,,,,X,,X,,,,,,X,X,,,X,,,,X,,,,X,,,,,,,X,,,X,,,,,X,X,,,
"1121B-7-1,100",43.3,57.77,X,,,X,,,,,X,X,X,,,,X,X,X,,,,,,,X,X,X,X,,,,X,,,,,,,X,,X,,,,X,X,,X,,,X,,,X,X,X,,,,,,X,,,,X,,,,,,,,X,X,X,,X,,,,X,,,X,X,,,,,X,,X,,,X,,X,X,,X,X,,,
"1121B-7-5,30",48.6,57.99,X,X,X,X,,,,,,X,,X,X,,,X,,,,,,,,X,X,X,X,,,,,,,,,X,,,,X,,,,X,,X,X,,,X,,X,,X,X,,,,,,,,,,X,X,,,,,,?,X,X,X,,X,,,X,X,,X,X,X,,,,,X,,X,,,X,,X,,X,X,X,X,,
"1121B-8-2,60",54.1,58.21,,,X,X,,X,,,X,X,,,,,,,,,,,,,,,X,X,X,X,,,,,,,,,,X,,X,,,,X,,,X,,,X,,,X,,X,,,,,,,,,,,,,,,,,,X,,X,,X,,,,X,,,X,X,,,,,,,X,,,X,,,,,X,X,,,
"1121B-8-5,100",59,58.42,,X,X,,,,,X,,X,,,,,,,,,,,,,,,X,X,,,,X,X,,,,,X,,X,,X,,,,X,,,X,,,X,,X,,X,X,,,,,X,,,X,,,,X,,,,,,X,X,X,,X,,X,,X,,X,,X,,,,,X,,X,,,,,,,,X,X,X,,
"1121B-9-1,100",62.6,58.56,,,,X,,X,,,,X,,,,,,,,,X,X,,,,X,,,,,,,X,,,,,X,,,,X,,,,X,,,X,,,X,,X,,X,X,,,,,,X,,,,,,X,,,,,,X,X,X,,X,,,,X,,,,X,,,,,X,,X,,,X,,X,,,X,X,,X,
"1121B-9-5,100",68.6,58.81,,X,X,,,X,,,,X,X,X,X,,?,,X,,,,,,,X,X,X,,X,,,,,,,,X,,,,X,,,,,,,X,,,X,,X,,,X,,,,,,,,,,,,,,,,,X,X,X,X,,,,,,,,X,X,X,,,,,,,X,,,X,,X,,,X,X,,,
"1121B-10-2,51",73.21,59,,X,X,,,,X,X,X,X,X,,?,,,,X,,,,,,,X,X,X,X,X,,,X,,,,,X,,,,X,,,,X,,,X,,,X,X,X,,X,X,,,,,,,,,,,,,,X,,,X,X,X,X,,X,,,,X,,X,X,X,,,,,,,X,,,X,,,,,X,X,X,,
"1121B-11-1,80",81.7,59.35,,X,,X,,,X,,X,X,X,,X,,,,X,,X,X,,,,X,,X,,X,,,X,,,,,X,,,,X,,,,X,,,X,,,X,,X,,X,X,,,,,X,,,,,X,X,,,,,,X,X,X,X,X,X,,,,X,,X,X,,,,,,X,,X,,,X,,,,,X,X,X,,
"1121B-11-4,100",86.4,59.67,,,X,X,,,,X,X,X,,,?,,,X,X,,,,,,,X,X,X,X,,,X,,,,,,,,X,,X,,,,X,,,X,,,X,X,X,,X,X,,,X,,,,,,,X,,,,,,,X,X,,X,,X,,,,X,,,X,,,,,,,,X,,,X,,,,,X,X,X,X,
"1121B-12-2,51",92.51,60.1,,,,X,,,,,,X,,,,,,,X,,,,,,,,,X,,,,,,,,,X,,,X,,X,,,,X,X,,,,,X,,X,,X,X,,,,,,X,,,,X,,,X,,X,,X,X,X,X,X,,,,,X,,,,,,,,,X,,X,,X,X,,X,,,X,X,X,,
