counted	diversity
1	1
2	2
3	3
4	4
5	5
6	6
7	6
8	7
9	8
10	8
11	9
12	9
13	9
14	9
15	9
16	10
17	11
18	12
19	12
20	13
21	14
22	14
23	15
24	16
25	17
26	18
27	18
28	18
29	19
30	19
31	19
32	20
33	21
34	22
35	22
36	22
37	22
38	23
39	24
40	24
41	24
42	25
43	26
44	26
45	27
46	28
47	29
48	29
49	29
50	29
51	30
52	31
53	31
54	31
55	31
56	32
57	33
58	33
59	33
60	33
61	34
62	34
63	34
64	34
65	34
66	34
67	34
68	34
69	34
70	34
71	34
72	34
73	34
74	34
75	35
76	36
77	36
78	36
79	36
80	36
81	36
82	37
83	37
84	37
85	37
86	37
87	37
88	37
89	37
90	37
91	38
92	38
93	38
94	38
95	39
96	40
97	40
98	41
99	41
100	42
101	42
102	42
103	43
104	43
105	43
106	43
107	43
108	43
109	43
110	44
111	44
112	44
113	45
114	45
115	46
116	47
117	47
118	48
119	48
120	48
121	48
122	49
123	49
124	49
125	49
126	49
127	50
128	51
129	51
130	51
131	51
132	52
133	52
134	53
135	54
136	54
137	54
138	55
139	55
140	55
141	55
142	55
143	55
144	55
145	55
146	55
147	55
148	55
149	55
150	55
151	55
152	55
153	55
154	55
155	55
156	56
157	56
158	56
159	56
160	56
161	56
162	56
163	56
164	56
165	56
166	56
167	56
168	56
169	56
170	56
171	56
172	56
173	56
174	56
175	56
176	56
177	56
178	56
179	56
180	56
181	56
182	57
183	57
184	58
185	58
186	59
187	59
188	60
189	60
190	60
191	60
192	61
193	62
194	62
195	62
196	62
197	63
198	63
199	63
200	63
201	63
202	63
203	63
204	63
205	64
206	64
207	64
208	65
209	66
210	66
211	66
212	66
213	66
214	66
215	66
216	66
217	66
218	66
219	66
220	66
221	66
222	66
223	66
224	67
225	67
226	67
227	67
228	67
229	67
230	67
231	67
232	67
233	67
234	67
235	67
236	67
237	68
238	69
239	69
240	69
241	69
242	70
243	70
244	70
245	71
246	71
247	71
248	71
249	72
250	73
251	74
252	74
253	74
254	74
255	74
256	74
257	74
258	74
259	74
260	74
261	74
262	74
263	74
264	74
265	74
266	74
267	74
268	74
269	75
270	76
271	76
272	76
273	76
274	76
275	77
276	78
277	79
278	80
279	80
280	80
281	80
282	80
283	80
284	81
285	81
286	81
287	81
288	81
289	82
290	82
291	83
292	84
293	84
294	84
295	84
296	84
297	84
298	84
299	85
300	85
301	85
302	85
303	86
304	86
305	86
306	86
307	86
308	86
309	86
310	86
311	86
312	86
313	86
314	86
315	86
316	86
317	86
318	86
319	86
320	86
321	87
322	88
323	88
324	88
325	88
326	88
327	89
328	89
329	89
330	89
331	89
332	89
333	89
334	89
335	89
336	89
337	89
338	90
339	90
340	90
341	90
342	90
343	90
344	90
345	90
346	90
347	90
348	90
349	90
350	90
351	90
352	91
353	91
354	91
355	91
356	91
357	91
358	91
359	91
360	91
361	91
362	91
363	92
364	92
365	92
366	92
367	92
368	92
369	92
370	92
371	92
372	93
373	93
374	93
375	93
376	93
377	93
378	93
379	93
380	93
381	93
382	93
383	93
384	93
385	93
386	93
387	94
388	94
389	94
390	94
391	94
392	94
393	94
394	94
395	94
396	94
397	94
398	94
399	94
400	94
401	94
402	94
403	94
404	95
405	95
406	96
407	97
408	98
409	98
410	98
411	98
412	98
413	98
414	98
415	98
416	98
417	98
418	98
419	98
420	98
421	98
422	98
423	98
424	98
425	98
426	98
427	98
428	98
429	98
430	98
431	98
432	98
433	98
434	98
435	98
436	98
437	98
438	98
439	98
440	98
441	98
442	98
443	98
444	98
445	99
446	99
447	99
448	99
449	99
450	100
451	100
452	100
453	100
454	100
455	100
456	100
457	100
458	100
459	100
460	100
461	100
462	100
463	100
464	100
465	100
466	100
467	100
468	100
469	100
470	101
471	101
472	101
473	101
474	101
475	101
476	101
477	101
478	101
479	101
480	101
481	101
482	101
483	101
484	101
485	101
486	102
487	103
488	103
489	103
490	103
491	103
492	103
493	103
494	103
495	104
496	104
497	104
498	104
499	104
500	104
501	104
502	104
503	104
504	104
505	104
506	104
507	105
508	105
509	105
510	105
511	105
512	105
513	105
514	105
515	105
516	105
517	105
518	105
519	105
520	105
521	105
522	105
523	105
524	105
525	105
526	105
527	105
528	105
529	105
530	105
531	105
532	105
533	105
534	105
535	105
536	105
537	106
538	106
539	107
540	107
541	107
542	107
543	107
544	107
545	107
546	107
547	107
548	108
549	108
550	108
551	108
552	108
553	108
554	108
555	108
556	108
557	108
558	108
559	108
560	108
561	108
562	108
563	108
564	108
565	108
566	108
567	108
568	108
569	108
570	108
571	108
572	108
573	108
574	108
575	108
576	108
577	108
578	108
579	108
580	108
581	108
582	108
583	108
584	108
585	108
586	108
587	108
588	108
589	108
590	108
591	108
592	108
593	108
594	108
595	108
596	108
597	108
598	108
599	108
600	108
601	108
602	108
603	108
604	108
605	108
606	108
607	108
608	109
609	109
610	109
611	109
612	109
613	109
614	109
615	110
616	110
617	110
618	110
619	110
620	110
621	110
622	110
623	110
624	110
625	110
626	110
627	111
628	111
629	111
630	111
631	111
632	111
633	111
634	111
635	111
636	111
637	111
638	111
639	111
640	111
641	111
642	111
643	111
644	111
645	111
646	111
647	111
648	111
649	111
650	111
651	111
652	111
653	111
654	111
655	111
656	112
657	112
658	112
659	112
660	112
661	112
662	112
663	112
664	113
665	113
666	113
667	113
668	113
669	113
670	113
671	113
672	113
673	113
674	113
675	113
676	113
677	113
678	113
679	113
680	113
681	113
682	113
683	113
684	113
685	113
686	114
687	114
688	114
689	114
690	114
691	115
692	115
693	115
694	115
695	115
696	115
697	115
698	115
699	115
700	115
701	115
702	115
703	115
704	115
705	115
706	115
707	115
708	115
709	116
710	116
711	116
712	116
713	116
714	116
715	116
716	117
717	117
718	117
719	117
720	117
721	117
722	117
723	117
724	117
725	117
726	117
727	117
728	117
729	117
730	117
731	117
732	117
733	117
734	118
735	118
736	118
737	118
738	118
739	118
740	118
741	118
742	118
743	118
744	118
745	118
746	118
747	118
748	118
749	118
750	118
751	118
752	118
753	118
754	118
755	118
756	118
757	118
758	118
759	118
760	118
761	118
762	118
763	118
764	118
765	118
766	118
767	118
768	118
769	118
770	118
771	118
772	118
773	118
774	118
775	118
776	118
777	118
778	118
779	118
780	118
781	118
782	118
783	118
784	118
785	118
786	118
787	118
788	118
789	118
790	118
791	118
792	118
793	118
794	118
795	118
796	118
797	118
798	118
799	118
800	118
801	118
802	118
803	118
804	118
805	118
806	118
807	118
808	118
809	119
810	119
811	119
812	119
813	119
814	119
815	119
816	119
817	119
818	119
819	119
820	119
821	119
822	119
823	119
824	119
825	119
826	119
827	119
828	119
829	119
830	119
831	119
832	119
833	119
834	119
835	119
836	119
837	119
838	119
839	119
840	119
841	119
842	119
843	119
844	119
845	119
846	119
847	119
848	119
849	119
850	119
851	119
852	119
853	119
854	119
855	119
856	119
857	119
858	119
859	119
860	120
861	120
862	121
863	121
864	121
865	122
866	122
867	122
868	122
869	122
870	122
871	122
872	123
873	123
874	123
875	124
876	124
877	124
878	124
879	124
880	124
881	124
882	124
883	124
884	124
885	124
886	124
887	124
888	124
889	124
890	124
891	124
892	124
893	124
894	125
895	125
896	125
897	126
898	126
899	126
900	126
901	126
902	126
903	126
904	126
905	126
906	126
907	126
908	126
909	126
910	126
911	127
912	127
913	127
914	127
915	127
916	127
917	127
918	127
919	127
920	127
921	127
922	127
923	127
924	127
925	127
926	127
927	127
928	127
929	127
930	127
931	127
932	127
933	127
934	127
935	127
936	128
937	128
938	128
939	128
940	128
941	128
942	128
943	128
944	129
945	129
946	129
947	129
948	129
949	129
950	129
951	129
952	129
953	129
954	129
955	129
956	130
957	130
958	130
959	130
960	130
961	130
962	130
963	130
964	130
965	130
966	130
967	130
968	130
969	130
970	130
971	130
972	130
973	130
974	130
975	130
976	130
977	130
978	130
979	130
980	130
981	130
982	130
983	130
984	130
985	130
986	130
987	130
988	130
989	130
990	130
991	130
992	130
993	130
994	130
995	130
996	130
997	130
998	130
999	130
1000	130
1001	131
1002	131
1003	131
1004	131
1005	131
1006	131
1007	131
1008	131
1009	131
1010	131
1011	131
1012	131
1013	131
1014	131
1015	131
1016	131
1017	131
1018	131
1019	131
1020	131
1021	131
1022	131
1023	131
1024	131
1025	131
1026	131
1027	131
1028	131
1029	131
1030	131
1031	131
1032	131
1033	131
1034	131
1035	131
1036	131
1037	131
1038	131
1039	131
1040	131
1041	131
1042	131
1043	131
1044	131
1045	131
1046	131
1047	131
1048	131
1049	131
1050	131
1051	131
1052	132
1053	132
1054	132
1055	132
1056	133
1057	133
1058	133
1059	133
1060	133
1061	133
1062	133
1063	133
1064	133
1065	133
1066	133
1067	133
1068	133
1069	133
1070	133
1071	133
1072	133
1073	133
1074	133
1075	133
1076	133
1077	133
1078	133
1079	133
1080	133
1081	133
1082	133
1083	133
1084	133
1085	133
1086	133
1087	133
1088	133
1089	133
1090	133
1091	133
1092	133
1093	133
1094	133
1095	133
1096	133
1097	133
1098	133
1099	133
1100	133
1101	133
1102	133
1103	133
1104	133
1105	133
1106	133
1107	133
1108	134
1109	134
1110	134
1111	134
1112	134
1113	134
1114	134
1115	134
1116	134
1117	134
1118	134
1119	134
1120	134
1121	134
1122	134
1123	134
1124	134
1125	134
1126	134
1127	134
1128	134
1129	134
1130	134
1131	134
1132	134
1133	134
1134	134
1135	134
1136	134
1137	134
1138	134
1139	134
1140	134
1141	134
1142	134
1143	134
1144	134
1145	134
1146	134
1147	134
1148	134
1149	134
1150	134
1151	134
1152	134
1153	134
1154	134
1155	134
1156	134
1157	134
1158	134
1159	134
1160	134
1161	134
1162	134
1163	134
1164	134
1165	134
1166	134
1167	134
1168	134
1169	134
1170	135
1171	135
1172	135
1173	135
1174	135
1175	135
1176	135
1177	135
1178	135
1179	135
1180	135
1181	135
1182	135
1183	135
1184	135
1185	135
1186	135
1187	135
1188	135
1189	135
1190	135
1191	135
1192	135
1193	135
1194	135
1195	135
1196	136
1197	136
1198	136
1199	136
1200	136
1201	136
1202	136
1203	136
1204	136
1205	136
1206	136
1207	136
1208	136
1209	136
1210	136
1211	136
1212	136
1213	136
1214	136
1215	136
1216	136
1217	136
1218	136
1219	136
1220	136
1221	136
1222	136
1223	136
1224	136
1225	136
1226	136
1227	136
1228	136
1229	136
1230	136
1231	136
1232	136
1233	136
1234	136
1235	136
1236	136
1237	136
1238	136
1239	136
1240	136
1241	136
1242	136
1243	136
1244	136
1245	136
1246	136
1247	136
1248	136
1249	136
1250	136
1251	136
1252	136
1253	136
1254	136
1255	136
1256	136
1257	136
1258	136
1259	136
1260	136
1261	136
1262	136
1263	137
1264	137
1265	137
1266	137
1267	137
1268	137
1269	137
1270	137
1271	137
1272	137
1273	137
1274	137
1275	137
1276	137
1277	137
1278	137
1279	137
1280	137
1281	137
1282	138
1283	138
1284	138
1285	138
1286	138
1287	138
1288	138
1289	138
1290	138
1291	138
1292	138
1293	138
1294	138
1295	138
1296	138
1297	138
1298	138
1299	138
1300	138
1301	138
1302	139
1303	139
1304	139
1305	139
1306	139
1307	139
1308	139
1309	139
1310	140
1311	140
1312	140
1313	140
1314	140
1315	140
1316	140
1317	140
1318	140
1319	140
1320	140
1321	140
1322	140
1323	140
1324	140
1325	140
1326	140
1327	140
1328	140
1329	140
1330	140
1331	140
1332	140
1333	140
1334	140
1335	140
1336	140
1337	140
1338	140
1339	140
1340	141
1341	141
1342	141
1343	141
1344	141
1345	141
1346	141
1347	141
1348	141
1349	141
1350	141
1351	141
1352	141
1353	141
1354	141
1355	141
1356	141
1357	141
1358	141
1359	141
1360	141
1361	141
1362	141
1363	141
1364	142
1365	142
1366	142
1367	142
1368	142
1369	143
1370	143
1371	143
1372	143
1373	143
1374	143
1375	143
1376	143
1377	143
1378	143
1379	143
1380	144
1381	144
1382	144
1383	144
1384	144
1385	144
1386	144
1387	144
1388	144
1389	144
1390	144
1391	144
1392	144
1393	144
1394	144
1395	144
1396	144
1397	144
1398	144
1399	144
1400	144
1401	144
1402	144
1403	144
1404	144
1405	144
1406	144
1407	144
1408	144
1409	144
1410	144
1411	144
1412	144
1413	144
1414	144
1415	144
1416	145
1417	145
1418	145
1419	145
1420	145
1421	146
1422	146
1423	146
1424	146
1425	146
1426	146
1427	146
1428	146
1429	146
1430	146
1431	146
1432	146
1433	147
1434	147
1435	147
1436	147
1437	147
1438	147
1439	147
1440	147
1441	147
1442	147
1443	147
1444	147
1445	147
1446	147
1447	147
1448	147
1449	147
1450	147
1451	147
1452	147
1453	147
1454	147
1455	147
1456	147
1457	147
1458	147
1459	147
1460	147
1461	147
1462	147
1463	147
1464	147
1465	147
1466	147
1467	147
1468	147
1469	147
1470	147
1471	148
1472	148
1473	148
1474	148
1475	148
1476	148
1477	148
1478	148
1479	148
1480	148
1481	148
1482	148
1483	148
1484	148
1485	148
1486	148
1487	148
1488	148
1489	148
1490	148
1491	148
1492	148
1493	148
1494	148
1495	148
1496	148
1497	148
1498	148
1499	148
1500	148
1501	148
1502	148
1503	148
1504	148
1505	148
1506	148
1507	148
1508	148
1509	148
1510	148
1511	148
1512	148
1513	148
1514	148
1515	148
1516	148
1517	148
1518	148
1519	148
1520	148
1521	148
1522	148
1523	148
1524	148
1525	148
1526	148
1527	148
1528	148
1529	148
1530	148
1531	148
1532	148
1533	148
1534	148
1535	149
1536	149
1537	149
1538	149
1539	149
1540	150
1541	150
1542	150
1543	150
1544	150
1545	150
1546	150
1547	150
1548	150
1549	150
1550	150
1551	150
1552	150
1553	150
1554	150
1555	150
1556	150
1557	150
1558	150
1559	150
1560	150
1561	150
1562	150
1563	150
1564	150
1565	150
1566	150
1567	150
1568	150
1569	150
1570	150
1571	150
1572	151
1573	151
1574	151
1575	151
1576	151
1577	151
1578	151
1579	151
1580	151
1581	151
1582	151
1583	151
1584	151
1585	151
1586	151
1587	151
1588	151
1589	151
1590	151
1591	151
1592	151
1593	151
1594	151
1595	151
1596	151
1597	151
1598	151
1599	151
1600	151
1601	151
1602	151
1603	151
1604	151
1605	151
1606	151
1607	151
1608	151
1609	151
1610	151
1611	151
1612	151
1613	151
1614	151
1615	151
1616	151
1617	151
1618	151
1619	151
1620	151
1621	151
1622	151
1623	151
1624	151
1625	151
1626	151
1627	151
1628	151
1629	151
1630	151
1631	151
1632	151
1633	151
1634	151
1635	151
1636	151
1637	151
1638	151
1639	151
1640	151
1641	151
1642	151
1643	151
1644	151
1645	151
1646	151
1647	151
1648	151
1649	151
1650	151
1651	151
1652	151
1653	151
1654	151
1655	151
1656	151
1657	151
1658	151
1659	151
1660	151
1661	151
1662	151
1663	151
1664	151
1665	151
1666	151
1667	151
1668	151
1669	151
1670	151
1671	151
1672	151
1673	151
1674	151
1675	151
1676	151
1677	151
1678	151
1679	151
1680	151
1681	151
1682	151
1683	151
1684	152
1685	152
1686	152
1687	152
1688	153
1689	153
1690	153
1691	153
1692	153
1693	153
1694	153
1695	153
1696	153
1697	153
1698	153
1699	153
1700	153
1701	153
1702	153
1703	153
1704	153
1705	153
1706	153
1707	153
1708	153
1709	153
1710	153
1711	153
1712	153
1713	153
1714	153
1715	153
1716	153
1717	153
1718	153
1719	153
1720	153
1721	153
1722	153
1723	153
1724	153
1725	153
1726	153
1727	153
1728	153
1729	153
1730	153
1731	153
1732	153
1733	153
1734	153
1735	153
1736	153
1737	153
1738	153
1739	153
1740	153
1741	153
1742	153
1743	153
1744	153
1745	153
1746	153
1747	153
1748	153
1749	153
1750	153
1751	153
1752	153
1753	153
1754	153
1755	153
1756	153
1757	153
1758	153
1759	153
1760	153
1761	153
1762	153
1763	153
1764	153
1765	153
1766	153
1767	153
1768	153
1769	153
1770	153
1771	153
1772	153
1773	153
1774	153
1775	153
1776	154
1777	155
1778	155
1779	155
1780	155
1781	155
1782	155
1783	155
1784	155
1785	155
1786	155
1787	155
1788	155
1789	155
1790	155
1791	155
1792	155
1793	155
1794	155
1795	155
1796	155
1797	155
1798	155
1799	155
1800	155
1801	155
1802	155
1803	155
1804	155
1805	155
1806	155
1807	155
1808	155
1809	155
1810	155
1811	155
1812	155
1813	155
1814	155
1815	155
1816	155
1817	156
1818	156
1819	157
1820	157
1821	157
1822	157
1823	157
1824	157
1825	157
1826	157
1827	157
1828	157
1829	157
1830	157
1831	157
1832	157
1833	157
1834	157
1835	157
1836	157
1837	157
1838	157
1839	157
1840	157
1841	157
1842	157
1843	157
1844	157
1845	157
1846	157
1847	158
1848	158
1849	158
1850	158
1851	158
1852	158
1853	158
1854	158
1855	158
1856	158
1857	158
1858	158
1859	158
1860	158
1861	158
1862	158
1863	158
1864	158
1865	158
1866	158
1867	158
1868	158
1869	158
1870	158
1871	158
1872	158
1873	158
1874	158
1875	158
1876	158
1877	158
1878	158
1879	158
1880	158
1881	158
1882	158
1883	158
1884	158
1885	158
1886	158
1887	158
1888	158
1889	158
1890	158
1891	158
1892	158
1893	158
1894	158
1895	158
1896	158
1897	159
1898	159
1899	159
1900	159
1901	159
1902	159
1903	159
1904	159
1905	159
1906	159
1907	159
1908	159
1909	159
1910	159
1911	159
1912	159
1913	159
1914	159
1915	159
1916	159
1917	159
1918	159
1919	159
1920	159
1921	159
1922	159
1923	159
1924	159
1925	159
1926	159
1927	159
1928	159
1929	159
1930	159
1931	159
1932	159
1933	159
1934	159
1935	159
1936	159
1937	159
1938	159
1939	159
1940	159
1941	159
1942	159
1943	159
1944	159
1945	159
1946	159
1947	159
1948	159
1949	159
1950	159
1951	159
1952	159
1953	159
1954	159
1955	159
1956	159
1957	160
1958	160
1959	160
1960	160
1961	160
1962	160
1963	160
1964	160
1965	160
1966	160
1967	160
1968	160
1969	160
1970	160
1971	160
1972	160
1973	160
1974	160
1975	160
1976	160
1977	160
1978	160
1979	160
1980	160
1981	160
1982	160
1983	160
1984	160
1985	160
1986	160
1987	160
1988	160
1989	160
1990	160
1991	160
1992	160
1993	160
1994	160
1995	160
1996	160
1997	161
1998	161
1999	161
2000	161
2001	161
2002	161
2003	161
2004	161
2005	161
2006	161
2007	161
2008	161
2009	161
2010	161
2011	161
2012	161
2013	161
2014	161
2015	161
2016	161
2017	161
2018	161
2019	161
2020	161
2021	161
2022	161
2023	161
2024	161
2025	161
2026	161
2027	161
2028	161
2029	161
2030	161
2031	161
2032	161
2033	161
2034	161
2035	161
2036	161
2037	161
2038	161
2039	161
2040	161
2041	161
2042	161
2043	161
2044	161
2045	161
2046	161
2047	161
2048	161
2049	161
2050	161
2051	161
2052	161
2053	161
2054	161
2055	161
2056	162
2057	162
2058	162
2059	162
2060	162
2061	162
2062	162
2063	162
2064	162
2065	162
2066	162
2067	162
2068	162
2069	162
2070	162
2071	162
2072	162
2073	162
2074	162
2075	162
2076	162
2077	162
2078	162
2079	162
2080	162
2081	162
2082	162
2083	162
2084	162
2085	162
2086	162
2087	162
2088	162
2089	162
2090	162
2091	162
2092	162
2093	162
2094	162
2095	162
2096	162
2097	162
2098	162
2099	162
2100	162
2101	162
2102	162
2103	162
2104	162
2105	162
2106	162
2107	162
2108	162
2109	162
2110	162
2111	162
2112	162
2113	162
2114	162
2115	162
2116	162
2117	162
2118	162
2119	162
2120	162
2121	162
2122	162
2123	162
2124	162
2125	162
2126	162
2127	162
2128	162
2129	163
2130	163
2131	163
2132	163
2133	163
2134	163
2135	163
2136	163
2137	163
2138	163
2139	163
2140	163
2141	163
2142	163
2143	163
2144	163
2145	163
2146	163
2147	163
2148	163
2149	163
2150	163
2151	163
2152	163
2153	163
2154	163
2155	163
2156	163
2157	163
2158	163
2159	163
2160	163
2161	163
2162	163
2163	163
2164	163
2165	163
2166	163
2167	163
2168	163
2169	163
2170	163
2171	163
2172	163
2173	163
2174	163
2175	163
2176	163
2177	163
2178	163
2179	163
2180	163
2181	163
2182	163
2183	163
2184	163
2185	163
2186	163
2187	163
2188	163
2189	163
2190	163
2191	163
2192	163
2193	163
2194	163
2195	163
2196	163
2197	163
2198	163
2199	163
2200	163
2201	163
2202	163
2203	163
2204	163
2205	163
2206	163
2207	163
2208	163
2209	163
2210	163
2211	163
2212	163
2213	163
2214	164
2215	164
2216	164
2217	164
2218	164
2219	164
2220	164
2221	164
2222	164
2223	164
2224	164
2225	164
2226	164
2227	164
2228	164
2229	164
2230	164
2231	164
2232	164
2233	164
2234	164
2235	164
2236	164
2237	164
2238	164
2239	164
2240	164
2241	164
2242	164
2243	164
2244	164
2245	164
2246	164
2247	164
2248	164
2249	164
2250	164
2251	164
2252	164
2253	164
2254	164
2255	164
2256	164
2257	164
2258	164
2259	164
2260	164
2261	164
2262	164
2263	164
2264	164
2265	164
2266	164
2267	164
2268	164
2269	164
2270	164
2271	164
2272	164
2273	164
2274	164
2275	164
2276	164
2277	164
2278	164
2279	164
2280	164
2281	164
2282	164
2283	164
2284	164
2285	164
2286	164
2287	164
2288	164
2289	164
2290	164
2291	165
2292	165
2293	165
2294	166
2295	166
2296	166
2297	166
2298	166
2299	166
2300	166
2301	166
2302	166
2303	166
2304	166
2305	166
2306	166
2307	166
2308	166
2309	166
2310	166
2311	166
2312	166
2313	166
2314	166
2315	166
2316	166
2317	166
2318	166
2319	166
2320	166
2321	166
2322	166
2323	166
2324	166
2325	166
2326	166
2327	166
2328	166
2329	166
2330	166
2331	166
2332	166
2333	166
2334	166
2335	166
2336	167
2337	167
2338	167
2339	167
2340	167
2341	167
2342	167
2343	167
2344	167
2345	167
2346	167
2347	167
2348	167
2349	167
2350	167
2351	167
2352	167
2353	167
2354	167
2355	167
2356	167
2357	167
2358	167
2359	167
2360	167
2361	167
2362	167
2363	167
2364	167
2365	167
2366	167
2367	167
2368	167
2369	167
2370	167
2371	167
2372	167
2373	167
2374	167
2375	167
2376	167
2377	167
2378	167
2379	167
2380	167
2381	167
2382	167
2383	167
2384	167
2385	167
2386	167
2387	167
2388	167
2389	167
2390	167
2391	167
2392	167
2393	167
2394	167
2395	167
2396	167
2397	167
2398	167
2399	167
2400	167
2401	167
2402	167
2403	167
2404	167
2405	167
2406	167
2407	167
2408	167
2409	167
2410	167
2411	167
2412	167
2413	167
2414	167
2415	167
2416	168
2417	168
2418	168
2419	168
2420	168
2421	168
2422	168
2423	168
2424	168
2425	168
2426	168
2427	168
2428	168
2429	168
2430	168
2431	168
2432	168
2433	168
2434	168
2435	168
2436	168
2437	168
2438	168
2439	168
2440	168
2441	168
2442	168
2443	168
2444	168
2445	168
2446	168
2447	168
2448	168
2449	168
2450	168
2451	168
2452	168
2453	168
2454	168
2455	168
2456	168
2457	168
2458	168
2459	168
2460	168
2461	168
2462	168
2463	168
2464	168
2465	168
2466	168
2467	168
2468	168
2469	168
2470	168
2471	168
2472	168
2473	168
2474	168
2475	168
2476	168
2477	168
2478	168
2479	168
2480	168
2481	168
2482	168
2483	168
2484	168
2485	168
2486	168
2487	168
2488	168
2489	168
2490	168
2491	168
2492	168
2493	168
2494	168
2495	168
2496	168
2497	168
2498	168
2499	168
2500	168
2501	168
2502	168
2503	168
2504	168
2505	168
2506	168
2507	168
2508	168
2509	168
2510	168
2511	168
2512	168
2513	168
2514	169
2515	169
2516	169
2517	169
2518	169
2519	169
2520	169
2521	169
2522	169
2523	169
2524	169
2525	169
2526	169
2527	169
2528	169
2529	169
2530	169
2531	169
2532	169
2533	169
2534	169
2535	169
2536	169
2537	169
2538	169
2539	169
2540	169
2541	169
2542	169
2543	169
2544	169
2545	169
2546	169
2547	169
2548	169
2549	169
2550	169
2551	169
2552	169
2553	169
2554	169
2555	169
2556	169
2557	169
2558	169
2559	170
2560	170
2561	170
2562	170
2563	170
2564	170
2565	170
2566	170
2567	170
2568	170
2569	170
2570	170
2571	170
2572	170
2573	170
2574	170
2575	170
2576	170
2577	170
2578	170
2579	170
2580	170
2581	170
2582	170
2583	170
2584	170
2585	170
2586	170
2587	170
2588	170
2589	170
2590	170
2591	170
2592	170
2593	170
2594	170
2595	171
2596	171
2597	171
2598	171
2599	171
2600	171
2601	171
2602	171
2603	171
2604	171
2605	171
2606	171
2607	171
2608	171
2609	171
2610	171
2611	171
2612	171
2613	171
2614	171
2615	171
2616	171
2617	171
2618	171
2619	171
2620	171
2621	171
2622	171
2623	171
2624	171
2625	171
2626	171
2627	171
2628	171
2629	171
2630	171
2631	171
2632	171
2633	171
2634	171
2635	171
2636	171
2637	171
2638	171
2639	171
2640	171
2641	171
2642	171
2643	171
2644	171
2645	171
2646	171
2647	171
2648	171
2649	171
2650	171
2651	171
2652	171
2653	171
2654	171
2655	171
2656	171
2657	171
2658	171
2659	171
2660	171
2661	171
2662	171
2663	171
2664	171
2665	171
2666	171
2667	171
2668	171
2669	171
2670	171
2671	171
2672	171
2673	171
2674	171
2675	171
2676	171
2677	171
2678	171
2679	171
2680	171
2681	171
2682	172
2683	172
2684	172
2685	172
2686	172
2687	172
2688	172
2689	172
2690	172
2691	172
2692	172
2693	172
2694	172
2695	172
2696	172
2697	172
2698	172
2699	172
2700	172
2701	172
2702	172
2703	172
2704	172
2705	172
2706	172
2707	172
2708	172
2709	172
2710	172
2711	172
2712	172
2713	172
2714	172
2715	172
2716	172
2717	172
2718	172
2719	172
2720	172
2721	172
2722	172
2723	172
2724	172
2725	172
2726	172
2727	172
2728	172
2729	172
2730	172
2731	172
2732	172
2733	172
2734	172
2735	172
2736	172
2737	172
2738	172
2739	172
2740	172
2741	172
2742	172
2743	172
2744	172
2745	172
2746	172
2747	172
2748	172
2749	172
2750	172
2751	172
2752	172
2753	172
2754	172
2755	172
2756	172
2757	172
2758	172
2759	172
2760	172
2761	172
2762	172
2763	172
2764	172
2765	172
2766	172
2767	172
2768	172
2769	172
2770	172
2771	172
2772	172
2773	172
2774	172
2775	172
2776	172
2777	172
2778	172
2779	172
2780	172
2781	172
2782	172
2783	172
2784	172
2785	172
2786	172
2787	172
2788	172
2789	172
2790	172
2791	172
2792	172
2793	172
2794	172
2795	172
2796	172
2797	172
2798	172
2799	172
2800	172
2801	172
2802	172
2803	172
2804	172
2805	172
2806	172
2807	172
2808	172
2809	172
2810	172
2811	172
2812	172
2813	172
2814	172
2815	172
2816	172
2817	172
2818	172
2819	172
2820	172
2821	172
2822	172
2823	172
2824	172
2825	172
2826	172
2827	172
2828	172
2829	172
2830	172
2831	172
2832	173
2833	173
2834	173
2835	173
2836	173
2837	173
2838	173
2839	173
2840	173
2841	173
2842	173
2843	173
2844	173
2845	173
2846	173
2847	173
2848	173
2849	173
2850	173
2851	173
2852	173
2853	173
2854	173
2855	173
2856	173
2857	173
2858	173
2859	173
2860	173
2861	173
2862	173
2863	173
2864	173
2865	173
2866	173
2867	173
2868	173
2869	173
2870	173
2871	173
2872	173
2873	173
2874	173
2875	173
2876	173
2877	173
2878	173
2879	173
2880	173
2881	173
2882	173
2883	173
2884	173
2885	173
2886	173
2887	173
2888	173
2889	173
2890	173
2891	173
2892	173
2893	173
2894	173
2895	173
2896	173
2897	173
2898	173
2899	173
2900	173
2901	173
2902	173
2903	173
2904	173
2905	173
2906	173
2907	173
2908	173
2909	173
2910	173
2911	173
2912	173
2913	173
2914	173
2915	173
2916	173
2917	173
2918	173
2919	173
2920	173
2921	173
2922	173
2923	173
2924	173
2925	173
2926	173
2927	173
2928	173
2929	173
2930	173
2931	173
2932	173
2933	173
2934	174
2935	174
2936	174
2937	174
2938	174
2939	174
2940	174
2941	174
2942	174
2943	174
2944	174
2945	174
2946	174
2947	174
2948	174
2949	174
2950	174
2951	174
2952	174
2953	174
2954	174
2955	174
2956	174
2957	174
2958	174
2959	174
2960	174
2961	174
2962	174
2963	174
2964	174
2965	174
2966	174
2967	174
2968	174
2969	174
2970	174
2971	174
2972	174
2973	174
2974	174
2975	174
2976	174
2977	174
2978	174
2979	174
2980	174
2981	174
2982	174
2983	174
2984	174
2985	174
2986	174
2987	174
2988	174
2989	174
2990	174
2991	174
2992	174
2993	174
2994	174
2995	174
2996	174
2997	174
2998	174
2999	174
3000	174
3001	174
3002	174
3003	174
3004	174
3005	174
3006	174
3007	174
3008	174
3009	174
3010	174
3011	174
3012	174
3013	174
3014	174
3015	174
3016	174
3017	174
3018	174
3019	174
3020	174
3021	174
3022	174
3023	174
3024	174
3025	174
3026	174
3027	174
3028	174
3029	174
3030	174
3031	174
3032	174
3033	174
3034	174
3035	174
3036	174
3037	174
3038	174
3039	174
3040	174
3041	174
3042	174
3043	174
3044	174
3045	174
3046	174
3047	174
3048	174
3049	174
3050	174
3051	174
3052	174
3053	174
3054	174
3055	174
3056	174
3057	174
3058	174
3059	174
3060	174
3061	174
3062	174
3063	175
3064	175
3065	175
3066	175
3067	175
3068	175
3069	175
3070	175
3071	175
3072	175
3073	175
3074	175
3075	175
3076	175
3077	175
3078	175
3079	175
3080	175
3081	175
3082	175
3083	175
3084	175
3085	175
3086	175
3087	175
3088	175
3089	175
3090	175
3091	175
3092	175
3093	175
3094	175
3095	175
3096	175
3097	175
3098	175
3099	175
3100	175
3101	175
3102	175
3103	175
3104	175
3105	175
3106	175
3107	175
3108	175
3109	175
3110	175
3111	175
3112	175
3113	175
3114	175
3115	175
3116	175
3117	175
3118	175
3119	175
3120	175
3121	175
3122	175
3123	175
3124	175
3125	175
3126	175
3127	175
3128	175
3129	175
3130	175
3131	175
3132	175
3133	175
3134	175
3135	175
3136	175
3137	175
3138	175
3139	175
3140	175
3141	175
3142	175
3143	175
3144	175
3145	175
3146	175
3147	175
3148	175
3149	175
3150	175
3151	175
3152	175
3153	175
3154	175
3155	175
3156	175
3157	175
3158	175
3159	175
3160	175
3161	175
3162	175
3163	175
3164	175
3165	175
3166	175
3167	175
3168	175
3169	175
3170	175
3171	175
3172	175
3173	175
3174	175
3175	175
3176	175
3177	175
3178	175
3179	175
3180	175
3181	175
3182	175
3183	175
3184	175
3185	175
3186	175
3187	175
3188	175
3189	175
3190	175
3191	175
3192	175
3193	175
3194	175
3195	175
3196	175
3197	175
3198	175
3199	175
3200	175
3201	175
3202	175
3203	175
3204	175
3205	175
3206	175
3207	175
3208	175
3209	175
3210	175
3211	175
3212	175
3213	175
3214	175
3215	175
3216	175
3217	175
3218	175
3219	175
3220	175
3221	175
3222	175
3223	175
3224	175
3225	175
3226	175
3227	175
3228	175
3229	175
3230	175
3231	175
3232	175
3233	175
3234	175
3235	175
3236	175
3237	175
3238	175
3239	175
3240	175
3241	175
3242	175
3243	175
3244	175
3245	175
3246	175
3247	175
3248	175
3249	175
3250	175
3251	175
3252	175
3253	175
3254	175
3255	175
3256	175
3257	175
3258	175
3259	175
3260	176
3261	176
3262	176
3263	176
3264	176
3265	176
3266	176
3267	176
3268	176
3269	176
3270	176
3271	176
3272	176
3273	176
3274	176
3275	176
3276	176
3277	176
3278	176
3279	176
3280	176
3281	176
3282	176
3283	176
3284	176
3285	176
3286	176
3287	176
3288	176
3289	176
3290	176
3291	176
3292	176
3293	176
3294	176
3295	176
3296	176
3297	176
3298	176
3299	176
3300	176
3301	176
3302	176
3303	176
3304	176
3305	176
3306	176
3307	176
3308	176
3309	176
3310	176
3311	176
3312	176
3313	176
3314	176
3315	176
3316	176
3317	176
3318	176
3319	176
3320	176
3321	176
3322	176
3323	176
3324	176
3325	176
3326	176
3327	176
3328	176
3329	176
3330	176
3331	176
3332	176
3333	176
3334	176
3335	176
3336	176
3337	176
3338	176
3339	176
3340	176
3341	176
3342	176
3343	176
3344	176
3345	176
3346	176
3347	176
3348	176
3349	176
3350	176
3351	176
3352	176
3353	176
3354	176
3355	176
3356	176
3357	176
3358	176
3359	176
3360	176
3361	176
3362	176
3363	176
3364	176
3365	176
3366	176
3367	176
3368	176
3369	176
3370	176
3371	176
3372	176
3373	176
3374	176
3375	176
3376	176
3377	176
3378	176
3379	176
3380	176
3381	176
3382	176
3383	176
3384	176
3385	176
3386	176
3387	176
3388	176
3389	176
3390	176
3391	176
3392	176
3393	176
3394	176
3395	176
3396	176
3397	176
3398	176
3399	176
3400	176
3401	176
3402	176
3403	176
3404	177
3405	177
3406	177
3407	177
3408	177
3409	177
3410	177
3411	177
3412	177
3413	177
3414	177
3415	177
3416	177
3417	177
3418	177
3419	177
3420	177
3421	177
3422	177
3423	177
3424	177
3425	177
3426	177
3427	177
3428	177
3429	177
3430	177
3431	177
3432	177
3433	177
3434	177
3435	177
3436	177
3437	177
3438	177
3439	177
3440	177
3441	177
3442	177
3443	177
3444	177
3445	177
3446	177
3447	177
3448	177
3449	177
3450	177
3451	177
3452	177
3453	177
3454	177
3455	177
3456	177
3457	177
3458	177
3459	177
3460	177
3461	177
3462	177
3463	177
3464	177
3465	177
3466	177
3467	177
3468	177
3469	177
3470	177
3471	177
3472	177
3473	177
3474	177
3475	177
3476	177
3477	177
3478	177
3479	178
3480	178
3481	178
3482	178
3483	178
3484	178
3485	178
3486	178
3487	178
3488	178
3489	178
3490	178
3491	178
3492	178
3493	178
3494	178
3495	178
3496	178
3497	178
3498	178
3499	178
3500	178
3501	178
3502	178
3503	178
3504	178
3505	178
3506	178
3507	178
3508	178
3509	178
3510	178
3511	178
3512	178
3513	178
3514	178
3515	178
3516	178
3517	178
3518	178
3519	178
3520	178
3521	178
3522	178
3523	178
3524	178
3525	178
3526	178
3527	178
3528	178
3529	178
3530	178
3531	178
3532	178
3533	178
3534	178
3535	178
3536	178
3537	178
3538	178
3539	178
3540	178
3541	178
3542	178
3543	178
3544	178
3545	178
3546	178
3547	178
3548	178
3549	178
3550	178
3551	178
3552	178
3553	178
3554	178
3555	178
3556	178
3557	178
3558	178
3559	178
3560	178
3561	178
3562	178
3563	178
3564	178
3565	178
3566	178
3567	178
3568	178
3569	178
3570	178
3571	178
3572	178
3573	178
3574	178
3575	178
3576	178
3577	178
3578	178
3579	178
3580	178
3581	178
3582	178
3583	178
3584	178
3585	178
3586	178
3587	178
3588	178
3589	178
3590	178
3591	178
3592	178
3593	178
3594	178
3595	178
3596	178
3597	178
3598	178
3599	178
3600	178
3601	178
3602	178
3603	178
3604	178
3605	178
3606	178
3607	178
3608	178
3609	178
3610	178
3611	178
3612	178
3613	178
3614	178
3615	178
3616	178
3617	178
3618	178
3619	178
3620	178
3621	178
3622	178
3623	178
3624	178
3625	178
3626	178
3627	178
3628	178
3629	178
3630	178
3631	178
3632	178
3633	178
3634	178
3635	178
3636	178
3637	178
3638	178
3639	178
3640	178
3641	178
3642	178
3643	178
3644	178
3645	178
3646	178
3647	178
3648	178
3649	178
3650	178
3651	178
3652	178
3653	178
3654	178
3655	178
3656	178
3657	178
3658	178
3659	178
3660	178
3661	178
3662	178
3663	178
3664	178
3665	178
3666	178
3667	178
3668	178
3669	178
3670	178
3671	178
3672	178
3673	178
3674	178
3675	178
3676	178
3677	178
3678	178
3679	178
3680	178
3681	178
3682	178
3683	178
3684	178
3685	178
3686	178
3687	178
3688	178
3689	178
3690	178
3691	178
3692	178
3693	178
3694	178
3695	178
3696	178
3697	178
3698	178
3699	178
3700	178
3701	178
3702	178
3703	178
3704	178
3705	178
3706	178
3707	178
3708	178
3709	178
3710	178
3711	178
3712	178
3713	178
3714	178
3715	178
3716	178
3717	178
3718	178
3719	178
3720	178
3721	178
3722	178
3723	178
3724	178
3725	178
3726	178
3727	178
3728	178
3729	178
3730	178
3731	178
3732	178
3733	178
3734	178
3735	178
3736	178
3737	178
3738	178
3739	178
3740	178
3741	178
3742	178
3743	178
3744	178
3745	178
3746	178
3747	178
3748	178
3749	178
3750	178
3751	178
3752	178
3753	178
3754	178
3755	178
3756	178
3757	178
3758	178
3759	178
3760	178
3761	178
3762	178
3763	178
3764	178
3765	178
3766	178
3767	178
3768	178
3769	178
3770	178
3771	179
3772	179
3773	179
3774	179
3775	179
3776	179
3777	179
3778	179
3779	179
3780	179
3781	179
3782	179
3783	179
3784	179
3785	179
3786	179
3787	179
3788	179
3789	179
3790	179
3791	179
3792	179
3793	179
3794	179
3795	179
3796	179
3797	179
3798	179
3799	179
3800	179
3801	179
3802	179
3803	179
3804	179
3805	179
3806	179
3807	179
3808	179
3809	179
3810	179
3811	179
3812	179
3813	179
3814	179
3815	179
3816	179
3817	179
3818	179
3819	179
3820	179
3821	179
3822	179
3823	179
3824	179
3825	179
3826	179
3827	179
3828	179
3829	179
3830	179
3831	179
3832	179
3833	179
3834	179
3835	179
3836	179
3837	179
3838	179
3839	179
3840	179
3841	179
3842	179
3843	179
3844	179
3845	179
3846	179
3847	179
3848	179
3849	179
3850	179
3851	179
3852	179
3853	179
3854	179
3855	179
3856	179
3857	179
3858	179
3859	179
3860	179
3861	179
3862	179
3863	179
3864	179
3865	179
3866	179
3867	179
3868	179
3869	179
3870	179
3871	179
3872	179
3873	179
3874	179
3875	179
3876	179
3877	179
3878	179
3879	179
3880	179
3881	179
3882	179
3883	179
3884	179
3885	179
3886	180
3887	180
3888	180
3889	180
3890	180
3891	180
3892	180
3893	180
3894	180
3895	180
3896	180
3897	180
3898	180
3899	180
3900	180
3901	180
3902	180
3903	180
3904	180
3905	180
3906	180
3907	180
3908	180
3909	180
3910	180
3911	180
3912	180
3913	180
3914	180
3915	180
3916	180
3917	180
3918	180
3919	180
3920	180
3921	180
3922	180
3923	180
3924	180
3925	180
3926	180
3927	180
3928	180
3929	180
3930	180
3931	180
3932	180
3933	180
3934	180
3935	180
3936	180
3937	180
3938	180
3939	180
3940	180
3941	180
3942	180
3943	180
3944	180
3945	180
3946	180
3947	180
3948	180
3949	180
3950	180
3951	180
3952	180
3953	180
3954	180
3955	180
3956	180
3957	180
3958	180
3959	180
3960	180
3961	180
3962	180
3963	180
3964	180
3965	180
3966	180
3967	180
3968	180
3969	180
3970	180
3971	180
3972	180
3973	180
3974	180
3975	180
3976	180
3977	180
3978	180
3979	180
3980	180
3981	180
3982	180
3983	180
3984	180
3985	180
3986	180
3987	180
3988	180
3989	180
3990	180
3991	180
3992	180
3993	180
3994	180
3995	180
3996	180
3997	180
3998	180
3999	180
4000	180
4001	180
4002	180
4003	180
4004	180
4005	180
4006	180
4007	180
4008	180
4009	180
4010	180
4011	180
4012	180
4013	180
4014	180
4015	180
4016	180
4017	180
4018	180
4019	180
4020	180
4021	180
4022	180
4023	180
4024	180
4025	180
4026	180
4027	180
4028	180
4029	180
4030	180
4031	180
4032	180
4033	180
4034	180
4035	180
4036	180
4037	180
4038	180
4039	180
4040	180
4041	180
4042	180
4043	180
4044	180
4045	180
4046	180
4047	180
4048	180
4049	180
4050	180
4051	180
4052	180
4053	180
4054	180
4055	180
4056	180
4057	180
4058	180
4059	180
4060	180
4061	180
4062	180
4063	180
4064	180
4065	180
4066	180
4067	180
4068	180
4069	180
4070	180
4071	180
4072	180
4073	180
4074	180
4075	180
4076	180
4077	180
4078	180
4079	180
4080	180
4081	180
4082	180
4083	180
4084	180
4085	180
4086	180
4087	180
4088	180
4089	180
4090	180
4091	180
4092	180
4093	180
4094	180
4095	180
4096	180
4097	180
4098	180
4099	180
4100	180
4101	180
4102	180
4103	180
4104	180
4105	180
4106	180
4107	180
4108	180
4109	180
4110	180
4111	180
4112	180
4113	180
4114	180
4115	180
4116	180
4117	180
4118	180
4119	180
4120	180
4121	180
4122	180
4123	180
4124	180
4125	180
4126	180
4127	180
4128	180
4129	180
4130	180
4131	180
4132	180
4133	180
4134	180
4135	180
4136	180
4137	180
4138	180
4139	180
4140	180
4141	180
4142	180
4143	180
4144	180
4145	180
4146	180
4147	180
4148	180
4149	180
4150	180
4151	180
4152	180
4153	180
4154	180
4155	180
4156	180
4157	180
4158	180
4159	180
4160	180
4161	180
4162	180
4163	180
4164	180
4165	180
4166	180
4167	180
4168	180
4169	180
4170	180
4171	180
4172	180
4173	180
4174	180
4175	180
4176	180
4177	180
4178	180
4179	180
4180	180
4181	180
4182	180
4183	180
4184	180
4185	180
4186	180
4187	180
4188	180
4189	180
4190	180
4191	180
4192	180
4193	180
4194	180
4195	180
4196	180
4197	180
4198	180
4199	180
4200	180
4201	180
4202	180
4203	180
4204	180
4205	180
4206	180
4207	180
4208	180
4209	180
4210	180
4211	180
4212	180
4213	180
4214	180
4215	180
4216	180
4217	180
4218	180
4219	180
4220	180
4221	180
4222	180
4223	180
4224	180
4225	180
4226	180
4227	180
4228	180
4229	180
4230	180
4231	180
4232	180
4233	180
4234	180
4235	180
4236	180
4237	180
4238	180
4239	180
4240	180
4241	180
4242	180
4243	180
4244	180
4245	180
4246	180
4247	180
4248	180
4249	180
4250	180
4251	180
4252	180
4253	180
4254	180
4255	180
4256	180
4257	180
4258	180
4259	180
4260	180
4261	180
4262	180
4263	180
4264	180
4265	180
4266	180
4267	180
4268	180
4269	180
4270	180
4271	180
4272	180
4273	180
4274	180
4275	180
4276	180
4277	180
4278	180
4279	180
4280	180
4281	180
4282	180
4283	180
4284	180
4285	180
4286	180
4287	180
4288	180
4289	180
4290	180
4291	180
4292	180
4293	180
4294	180
4295	180
4296	180
4297	180
4298	180
4299	180
4300	180
4301	180
4302	180
4303	180
4304	180
4305	180
4306	180
4307	180
4308	180
4309	180
4310	180
4311	180
4312	180
4313	180
4314	180
4315	180
4316	180
4317	180
4318	180
4319	180
4320	180
4321	180
4322	180
4323	180
4324	180
4325	180
4326	180
4327	180
4328	180
4329	180
4330	180
4331	180
4332	180
4333	180
4334	180
4335	180
4336	180
4337	180
4338	180
4339	180
4340	180
4341	180
4342	180
4343	180
4344	180
4345	180
4346	180
4347	180
4348	180
4349	180
4350	180
4351	180
4352	180
4353	180
4354	180
4355	180
4356	180
4357	180
4358	180
4359	180
4360	180
4361	180
4362	180
4363	180
4364	180
4365	180
4366	180
4367	180
4368	180
4369	180
4370	180
4371	180
4372	180
4373	180
4374	180
4375	180
4376	180
4377	180
4378	180
4379	180
4380	180
4381	180
4382	181
4383	181
4384	181
4385	181
4386	181
4387	181
4388	181
4389	181
4390	181
4391	181
4392	181
4393	181
4394	181
4395	181
4396	181
4397	181
4398	181
4399	181
4400	181
4401	181
4402	181
4403	181
4404	181
4405	181
4406	181
4407	181
4408	181
4409	181
4410	181
4411	181
4412	181
4413	181
4414	181
4415	181
4416	181
4417	181
4418	181
4419	181
4420	181
4421	181
4422	181
4423	181
4424	181
4425	181
4426	181
4427	181
4428	181
4429	181
4430	181
4431	181
4432	181
4433	181
4434	181
4435	181
4436	181
4437	181
4438	181
4439	181
4440	181
4441	181
4442	181
4443	181
4444	181
4445	181
4446	181
4447	181
4448	181
4449	181
4450	181
4451	181
4452	181
4453	181
4454	181
4455	181
4456	181
4457	181
4458	181
4459	181
4460	181
4461	181
4462	181
4463	181
4464	181
4465	181
4466	181
4467	181
4468	181
4469	181
4470	181
4471	181
4472	181
4473	181
4474	181
4475	181
4476	181
4477	181
4478	181
4479	181
4480	181
4481	181
4482	181
4483	181
4484	181
4485	181
4486	181
4487	181
4488	181
4489	181
4490	181
4491	181
4492	181
4493	181
4494	181
4495	181
4496	181
4497	181
4498	181
4499	181
4500	181
4501	181
4502	181
4503	181
4504	181
4505	181
4506	181
4507	181
4508	181
4509	181
4510	181
4511	181
4512	181
4513	181
4514	181
4515	181
4516	182
4517	182
4518	182
4519	182
4520	182
4521	182
4522	182
4523	182
4524	182
4525	182
4526	182
4527	182
4528	182
4529	182
4530	182
4531	182
4532	182
4533	182
4534	182
4535	182
4536	182
4537	182
4538	182
4539	182
4540	182
4541	182
4542	182
4543	182
4544	182
4545	182
4546	182
4547	182
4548	182
4549	182
4550	182
4551	182
4552	182
4553	182
4554	182
4555	182
4556	182
4557	182
4558	182
4559	182
4560	182
4561	182
4562	182
4563	182
4564	182
4565	182
4566	182
4567	182
4568	182
4569	182
4570	182
4571	182
4572	182
4573	182
4574	182
4575	182
4576	182
4577	182
4578	182
4579	182
4580	182
4581	182
4582	182
4583	182
4584	182
4585	182
4586	182
4587	182
4588	182
4589	182
4590	182
4591	182
4592	182
4593	182
4594	182
4595	182
4596	182
4597	182
4598	182
4599	182
4600	182
4601	182
4602	182
4603	182
4604	182
4605	182
4606	182
4607	182
4608	182
4609	182
4610	182
4611	182
4612	182
4613	182
4614	182
4615	182
4616	182
4617	182
4618	182
4619	182
4620	182
4621	182
4622	182
4623	182
4624	182
4625	182
4626	182
4627	182
4628	182
4629	182
4630	182
4631	182
4632	182
4633	182
4634	182
4635	182
4636	182
4637	182
4638	182
4639	182
4640	182
4641	182
4642	182
4643	182
4644	182
4645	182
4646	182
4647	182
4648	182
4649	182
4650	182
4651	182
4652	182
4653	182
4654	182
4655	182
4656	182
4657	182
4658	182
4659	182
4660	182
4661	182
4662	182
4663	182
4664	182
4665	182
4666	182
4667	182
4668	182
4669	182
4670	182
4671	182
4672	182
4673	182
4674	182
4675	182
4676	182
4677	182
4678	182
4679	182
4680	182
4681	182
4682	182
4683	182
4684	182
4685	183
4686	183
4687	183
4688	183
4689	183
4690	183
4691	183
4692	183
4693	183
4694	183
4695	183
4696	183
4697	183
4698	183
4699	183
4700	183
4701	183
4702	183
4703	183
4704	183
4705	183
4706	183
4707	183
4708	183
4709	183
4710	183
4711	183
4712	183
4713	183
4714	183
4715	183
4716	183
4717	183
4718	183
4719	183
4720	183
4721	183
4722	183
4723	183
4724	183
4725	183
4726	183
4727	183
4728	183
4729	183
4730	183
4731	183
4732	183
4733	183
4734	183
4735	183
4736	183
4737	183
4738	183
4739	183
4740	183
4741	183
4742	183
4743	183
4744	183
4745	183
4746	183
4747	183
4748	183
4749	183
4750	183
4751	183
4752	183
4753	183
4754	183
4755	183
4756	183
4757	183
4758	183
4759	183
4760	183
4761	183
4762	184
4763	184
4764	184
4765	184
4766	184
4767	184
4768	184
4769	184
4770	184
4771	184
4772	184
4773	185
4774	185
4775	185
4776	185
4777	185
4778	185
4779	185
4780	185
4781	185
4782	185
4783	185
4784	185
4785	185
4786	185
4787	185
4788	185
4789	185
4790	185
4791	185
4792	185
4793	185
4794	185
4795	185
4796	185
4797	185
4798	185
4799	185
4800	185
4801	185
4802	185
4803	185
4804	185
4805	185
4806	185
4807	185
4808	185
4809	185
4810	185
4811	185
4812	185
4813	185
4814	185
4815	185
4816	185
4817	185
4818	185
4819	185
4820	185
4821	185
4822	185
4823	185
4824	185
4825	185
4826	185
4827	185
4828	185
4829	185
4830	185
4831	185
4832	185
4833	185
4834	185
4835	185
4836	185
4837	185
4838	185
4839	185
4840	185
4841	185
4842	185
4843	185
4844	185
4845	185
4846	185
4847	185
4848	185
4849	185
4850	185
4851	185
4852	185
4853	185
4854	185
4855	185
4856	185
4857	185
4858	185
4859	185
4860	185
4861	185
4862	185
4863	185
4864	185
4865	185
4866	185
4867	185
4868	185
4869	185
4870	185
4871	185
4872	185
4873	185
4874	185
4875	185
4876	185
4877	185
4878	185
4879	185
4880	185
4881	185
4882	185
4883	185
4884	185
4885	185
4886	185
4887	185
4888	185
4889	185
4890	185
4891	185
4892	185
4893	185
4894	185
4895	185
4896	185
4897	185
4898	185
4899	185
4900	185
4901	185
4902	185
4903	185
4904	185
4905	185
4906	185
4907	185
4908	185
4909	185
4910	185
4911	185
4912	185
4913	185
4914	185
4915	185
4916	185
4917	185
4918	185
4919	185
4920	185
4921	185
4922	185
4923	185
4924	185
4925	185
4926	185
4927	185
4928	185
4929	185
4930	185
4931	185
4932	185
4933	185
4934	185
4935	185
4936	185
4937	185
4938	185
4939	185
4940	185
4941	185
4942	185
4943	185
4944	185
4945	185
4946	185
4947	185
4948	185
4949	185
4950	185
4951	185
4952	185
4953	185
4954	185
4955	185
4956	185
4957	185
4958	185
4959	185
4960	185
4961	185
4962	185
4963	185
4964	185
4965	185
4966	185
4967	185
4968	185
4969	185
4970	185
4971	185
4972	185
4973	185
4974	185
4975	185
4976	185
4977	185
4978	185
4979	185
4980	185
4981	185
4982	185
4983	185
4984	185
4985	185
4986	185
4987	185
4988	185
4989	185
4990	185
4991	185
4992	185
4993	185
4994	185
4995	185
4996	185
4997	185
4998	185
4999	185
5000	185
5001	185
5002	185
5003	185
5004	185
5005	185
5006	185
5007	185
5008	185
5009	185
5010	185
5011	185
5012	185
5013	185
5014	185
5015	185
5016	185
5017	185
5018	185
5019	185
5020	185
5021	185
5022	185
5023	185
5024	185
5025	185
5026	185
5027	185
5028	185
5029	185
5030	185
5031	185
5032	185
5033	185
5034	185
5035	185
5036	185
5037	185
5038	185
5039	185
5040	185
5041	185
5042	185
5043	185
5044	185
5045	185
5046	185
5047	185
5048	185
5049	185
5050	185
5051	185
5052	185
5053	185
5054	185
5055	185
5056	185
5057	185
5058	185
5059	185
5060	185
5061	185
5062	185
5063	185
5064	185
5065	185
5066	185
5067	185
5068	185
5069	185
5070	185
5071	185
5072	185
5073	185
5074	185
5075	185
5076	185
5077	185
5078	185
5079	185
5080	185
5081	185
5082	185
5083	185
5084	185
5085	185
5086	185
5087	185
5088	185
5089	185
5090	185
5091	185
5092	185
5093	185
5094	185
5095	185
5096	185
5097	185
5098	185
5099	185
5100	185
5101	185
5102	185
5103	185
5104	185
5105	185
5106	185
5107	185
5108	185
5109	185
5110	185
5111	185
5112	185
5113	185
5114	185
5115	185
5116	185
5117	185
5118	185
5119	185
5120	185
5121	185
5122	185
5123	185
5124	185
5125	185
5126	185
5127	185
5128	185
5129	185
5130	185
5131	185
5132	185
5133	185
5134	185
5135	185
5136	185
5137	185
5138	185
5139	185
5140	185
5141	185
5142	185
5143	185
5144	185
5145	185
5146	185
5147	185
5148	185
5149	185
5150	185
5151	185
5152	185
5153	185
5154	185
5155	185
5156	185
5157	185
5158	185
5159	185
5160	185
5161	185
5162	185
5163	185
5164	185
5165	185
5166	185
5167	185
5168	185
5169	185
5170	185
5171	185
5172	185
5173	185
5174	185
5175	185
5176	185
5177	185
5178	185
5179	185
5180	185
5181	185
5182	185
5183	185
5184	185
5185	185
5186	185
5187	185
5188	185
5189	185
5190	185
5191	185
5192	185
5193	185
5194	185
5195	185
5196	185
5197	185
5198	185
5199	185
5200	185
5201	185
5202	185
5203	185
5204	185
5205	185
5206	185
5207	185
5208	185
5209	185
5210	185
5211	185
5212	185
5213	185
5214	185
5215	185
5216	185
5217	185
5218	185
5219	185
5220	185
5221	185
5222	185
5223	185
5224	185
5225	185
5226	185
5227	185
5228	185
5229	185
5230	185
5231	185
5232	185
5233	185
5234	185
5235	185
5236	185
5237	185
5238	185
5239	185
5240	185
5241	185
5242	185
5243	185
5244	185
5245	185
5246	186
5247	186
5248	186
5249	186
5250	186
5251	186
5252	186
5253	186
5254	186
5255	186
5256	186
5257	186
5258	186
5259	186
5260	186
5261	186
5262	186
5263	186
5264	186
5265	186
5266	186
5267	186
5268	186
5269	186
5270	186
5271	186
5272	186
5273	186
5274	186
5275	186
5276	186
5277	186
5278	186
5279	186
5280	186
5281	186
5282	186
5283	186
5284	186
5285	186
5286	186
5287	186
5288	186
5289	186
5290	186
5291	186
5292	186
5293	186
5294	186
5295	186
5296	186
5297	186
5298	186
5299	186
5300	186
5301	186
5302	186
5303	186
5304	186
5305	186
5306	186
5307	186
5308	186
5309	186
5310	186
5311	186
5312	186
5313	186
5314	186
5315	186
5316	186
5317	186
5318	186
5319	186
5320	186
5321	186
5322	186
5323	186
5324	186
5325	186
5326	186
5327	186
5328	186
5329	186
5330	186
5331	186
5332	186
5333	186
5334	186
5335	186
5336	186
5337	186
5338	186
5339	186
5340	186
5341	186
5342	186
5343	186
5344	186
5345	186
5346	186
5347	186
5348	186
5349	186
5350	186
5351	186
5352	186
5353	186
5354	186
5355	186
5356	186
5357	186
5358	186
5359	186
5360	186
5361	186
5362	186
5363	186
5364	186
5365	186
5366	186
5367	186
5368	186
5369	186
5370	186
5371	186
5372	186
5373	186
5374	186
5375	186
5376	186
5377	186
5378	187
5379	187
5380	187
5381	187
5382	187
5383	187
5384	187
5385	187
5386	187
5387	187
5388	187
5389	187
5390	187
5391	187
5392	187
5393	187
5394	187
5395	187
5396	187
5397	187
5398	187
5399	187
5400	187
5401	187
5402	187
5403	187
5404	187
5405	187
5406	187
5407	187
5408	187
5409	187
5410	187
5411	187
5412	187
5413	187
5414	187
5415	187
5416	187
5417	187
5418	187
5419	187
5420	187
5421	187
5422	187
5423	187
5424	187
5425	187
5426	187
5427	187
5428	187
5429	187
5430	187
5431	187
5432	187
5433	187
5434	187
5435	187
5436	187
5437	187
5438	187
5439	187
5440	187
5441	187
5442	187
5443	187
5444	187
5445	187
5446	187
5447	187
5448	187
5449	187
5450	187
5451	187
5452	187
5453	187
5454	187
5455	187
5456	187
5457	187
5458	187
5459	187
5460	187
5461	187
5462	187
5463	187
5464	187
5465	187
5466	187
5467	187
5468	187
5469	187
5470	187
5471	187
5472	187
5473	187
5474	187
5475	187
5476	187
5477	187
5478	187
5479	187
5480	187
5481	187
5482	187
5483	187
5484	187
5485	187
5486	187
5487	187
5488	187
5489	187
5490	187
5491	187
5492	187
5493	187
5494	187
5495	187
5496	187
5497	187
5498	187
5499	187
5500	187
5501	187
5502	187
5503	187
5504	187
5505	187
5506	187
5507	188
5508	188
5509	188
5510	188
5511	188
5512	188
5513	188
5514	188
5515	188
5516	188
5517	188
5518	188
5519	188
5520	188
5521	188
5522	188
5523	188
5524	188
5525	188
5526	188
5527	188
5528	188
5529	188
5530	188
5531	188
5532	188
5533	188
5534	188
5535	188
5536	188
5537	188
5538	188
5539	188
5540	188
5541	188
5542	188
5543	189
5544	189
5545	189
5546	189
5547	189
5548	189
5549	189
5550	189
5551	189
5552	189
5553	189
5554	189
5555	189
5556	189
5557	189
5558	189
5559	189
5560	189
5561	189
5562	189
5563	189
5564	189
5565	189
5566	189
5567	189
5568	189
5569	189
5570	189
5571	189
5572	189
5573	189
5574	189
5575	189
5576	189
5577	189
5578	189
5579	189
5580	189
5581	189
5582	189
5583	189
5584	189
5585	189
5586	189
5587	189
5588	189
5589	189
5590	189
5591	189
5592	189
5593	189
5594	189
5595	189
5596	189
5597	189
5598	189
5599	189
5600	189
5601	189
5602	189
5603	189
5604	189
5605	189
5606	189
5607	189
5608	189
5609	189
5610	189
5611	189
5612	189
5613	189
5614	189
5615	189
5616	189
5617	189
5618	189
5619	189
5620	189
5621	189
5622	189
5623	189
5624	189
5625	189
5626	189
5627	189
5628	189
5629	189
5630	189
5631	189
5632	189
5633	189
5634	189
5635	189
5636	189
5637	189
5638	189
5639	189
5640	189
5641	189
5642	189
5643	189
5644	189
5645	189
5646	189
5647	189
5648	189
5649	189
5650	189
5651	189
5652	189
5653	189
5654	189
5655	189
5656	189
5657	189
5658	189
5659	189
5660	189
5661	189
5662	189
5663	189
5664	189
5665	189
5666	189
5667	189
5668	189
5669	189
5670	189
5671	189
5672	189
5673	189
5674	189
5675	189
5676	189
5677	189
5678	189
5679	189
5680	189
5681	189
5682	189
5683	189
5684	189
5685	189
5686	189
5687	189
5688	189
5689	189
5690	189
5691	189
5692	189
5693	189
5694	189
5695	189
5696	189
5697	189
5698	189
5699	189
5700	189
5701	189
5702	189
5703	189
5704	189
5705	189
5706	189
5707	189
5708	189
5709	189
5710	189
5711	189
5712	189
5713	189
5714	189
5715	189
5716	189
5717	189
5718	189
5719	189
5720	189
5721	189
5722	189
5723	189
5724	189
5725	189
5726	189
5727	189
5728	189
5729	189
5730	189
5731	189
5732	189
5733	189
5734	189
5735	189
5736	189
5737	189
5738	189
5739	189
5740	189
5741	189
5742	189
5743	189
5744	189
5745	189
5746	189
5747	189
5748	189
5749	189
5750	189
5751	189
5752	189
5753	189
5754	189
5755	189
5756	189
5757	189
5758	189
5759	189
5760	189
5761	189
5762	189
5763	189
5764	189
5765	189
5766	189
5767	189
5768	189
5769	189
5770	189
5771	189
5772	189
5773	189
5774	189
5775	189
5776	189
5777	189
5778	189
5779	189
5780	189
5781	189
5782	189
5783	189
5784	189
5785	189
5786	189
5787	189
5788	189
5789	189
5790	189
5791	189
5792	189
5793	189
5794	189
5795	189
5796	189
5797	189
5798	189
5799	189
5800	189
5801	189
5802	189
5803	189
5804	189
5805	189
5806	189
5807	189
5808	189
5809	189
5810	189
5811	189
5812	189
5813	189
5814	189
5815	189
5816	189
5817	189
5818	189
5819	189
5820	189
5821	189
5822	189
5823	189
5824	189
5825	189
5826	189
5827	189
5828	189
5829	189
5830	189
5831	189
5832	189
5833	189
5834	189
5835	189
5836	189
5837	189
5838	189
5839	189
5840	189
5841	189
5842	189
5843	189
5844	189
5845	189
5846	189
5847	189
5848	189
5849	189
5850	189
5851	189
5852	189
5853	189
5854	189
5855	189
5856	189
5857	189
5858	189
5859	189
5860	189
5861	189
5862	189
5863	189
5864	189
5865	189
5866	189
5867	189
5868	189
5869	189
5870	189
5871	189
5872	189
5873	189
5874	189
5875	189
5876	189
5877	189
5878	189
5879	189
5880	189
5881	189
5882	189
5883	189
5884	189
5885	189
5886	189
5887	189
5888	189
5889	189
5890	189
5891	189
5892	189
5893	189
5894	189
5895	189
5896	189
5897	189
5898	189
5899	189
5900	189
5901	190
5902	190
5903	190
5904	190
5905	190
5906	190
5907	190
5908	190
5909	190
5910	190
5911	190
5912	190
5913	190
5914	190
5915	191
5916	191
5917	191
5918	191
5919	191
5920	191
5921	191
5922	191
5923	191
5924	191
5925	191
5926	191
5927	191
5928	191
5929	191
5930	191
5931	191
5932	191
5933	191
5934	191
5935	191
5936	191
5937	191
5938	191
5939	191
5940	191
5941	191
5942	191
5943	191
5944	191
5945	191
5946	191
5947	191
5948	191
5949	191
5950	191
5951	191
5952	191
5953	191
5954	191
5955	191
5956	191
5957	191
5958	191
5959	191
5960	191
5961	191
5962	191
5963	191
5964	191
5965	191
5966	191
5967	191
5968	191
5969	191
5970	191
5971	191
5972	191
5973	191
5974	191
5975	191
5976	191
5977	191
5978	191
5979	191
5980	191
5981	191
5982	191
5983	191
5984	191
5985	191
5986	191
5987	191
5988	191
5989	191
5990	191
5991	191
5992	191
5993	191
5994	191
5995	191
5996	191
5997	191
5998	191
5999	191
6000	191
6001	191
6002	191
6003	191
6004	191
6005	191
6006	191
6007	191
6008	191
6009	191
6010	191
6011	191
6012	191
6013	191
6014	191
6015	191
6016	191
6017	191
6018	191
6019	191
6020	191
6021	191
6022	191
6023	191
6024	191
6025	191
6026	191
6027	191
6028	191
6029	191
6030	191
6031	191
6032	191
6033	191
6034	191
6035	191
6036	191
6037	191
6038	191
6039	191
6040	191
6041	191
6042	191
6043	191
6044	191
6045	191
6046	191
6047	191
6048	191
6049	191
6050	191
6051	191
6052	191
6053	191
6054	191
6055	191
6056	191
6057	191
6058	191
6059	191
6060	191
6061	191
6062	191
6063	191
6064	191
6065	191
6066	191
6067	191
6068	191
6069	191
6070	191
6071	191
6072	191
6073	191
6074	191
6075	191
6076	191
6077	191
6078	191
6079	191
6080	191
6081	191
6082	191
6083	191
6084	191
6085	191
6086	191
6087	191
6088	191
6089	191
6090	191
6091	191
6092	191
6093	191
6094	191
6095	191
6096	191
6097	191
6098	191
6099	191
6100	191
6101	191
6102	191
6103	191
6104	191
6105	191
6106	191
6107	191
6108	191
6109	191
6110	191
6111	191
6112	191
6113	191
6114	191
6115	191
6116	191
6117	191
6118	191
6119	191
6120	191
6121	191
6122	191
6123	191
6124	191
6125	191
6126	191
6127	191
6128	191
6129	191
6130	191
6131	191
6132	191
6133	191
6134	191
6135	191
6136	191
6137	191
6138	191
6139	191
6140	191
6141	191
6142	191
6143	191
6144	191
6145	191
6146	191
6147	191
6148	191
6149	191
6150	191
6151	191
6152	191
6153	191
6154	191
6155	191
6156	191
6157	191
6158	191
6159	191
6160	191
6161	191
6162	191
6163	191
6164	191
6165	191
6166	191
6167	191
6168	191
6169	191
6170	191
6171	191
6172	191
6173	191
6174	191
6175	191
6176	191
6177	191
6178	191
6179	191
6180	191
6181	191
6182	191
6183	191
6184	191
6185	191
6186	191
6187	191
6188	191
6189	191
6190	191
6191	191
6192	191
6193	191
6194	191
6195	191
6196	191
6197	191
6198	191
6199	191
6200	191
6201	191
6202	191
6203	191
6204	191
6205	191
6206	191
6207	191
6208	191
6209	191
6210	191
6211	191
6212	191
6213	191
6214	191
6215	191
6216	191
6217	191
6218	191
6219	191
6220	191
6221	191
6222	191
6223	191
6224	191
6225	191
6226	191
6227	191
6228	191
6229	191
6230	191
6231	191
6232	191
6233	191
6234	191
6235	191
6236	191
6237	191
6238	191
6239	191
6240	191
6241	191
6242	191
6243	191
6244	191
6245	191
6246	191
6247	191
6248	191
6249	191
6250	191
6251	191
6252	191
6253	191
6254	191
6255	191
6256	191
6257	191
6258	191
6259	191
6260	191
6261	191
6262	191
6263	191
6264	191
6265	191
6266	191
6267	191
6268	191
6269	191
6270	191
6271	191
6272	191
6273	191
6274	191
6275	191
6276	191
6277	191
6278	191
6279	191
6280	191
6281	191
6282	191
6283	191
6284	191
6285	191
6286	191
6287	191
6288	191
6289	191
6290	191
6291	191
6292	191
6293	191
6294	191
6295	191
6296	191
6297	191
6298	191
6299	191
6300	191
6301	191
6302	191
6303	191
6304	191
6305	191
6306	191
6307	191
6308	191
6309	191
6310	191
6311	191
6312	191
6313	191
6314	191
6315	191
6316	191
6317	191
6318	191
6319	191
6320	191
6321	191
6322	191
6323	191
6324	191
6325	191
6326	191
6327	191
6328	191
6329	191
6330	191
6331	191
6332	191
6333	191
6334	191
6335	191
6336	191
6337	191
6338	191
6339	191
6340	191
6341	191
6342	191
6343	191
6344	191
6345	191
6346	191
6347	191
6348	191
6349	191
6350	191
6351	191
6352	191
6353	191
6354	191
6355	191
6356	191
6357	191
6358	191
6359	191
6360	191
6361	191
6362	191
6363	191
6364	191
6365	191
6366	191
6367	191
6368	191
6369	191
6370	191
6371	191
6372	191
6373	191
6374	191
6375	191
6376	191
6377	191
6378	191
6379	191
6380	191
6381	191
6382	191
6383	191
6384	191
6385	191
6386	191
6387	191
6388	191
6389	191
6390	191
6391	191
6392	191
6393	191
6394	191
6395	191
6396	191
6397	191
6398	191
6399	191
6400	191
6401	191
6402	191
6403	191
6404	191
6405	191
6406	191
6407	191
6408	191
6409	191
6410	191
6411	191
6412	191
6413	191
6414	191
6415	191
6416	191
6417	191
6418	191
6419	191
6420	191
6421	191
6422	191
6423	191
6424	191
6425	191
6426	191
6427	191
6428	191
6429	191
6430	191
6431	191
6432	191
6433	191
6434	191
6435	191
6436	191
6437	191
6438	191
6439	191
6440	191
6441	191
6442	191
6443	191
6444	191
6445	191
6446	191
6447	191
6448	191
6449	191
6450	191
6451	191
6452	191
6453	191
6454	191
6455	191
6456	191
6457	191
6458	191
6459	191
6460	191
6461	191
6462	191
6463	191
6464	191
6465	191
6466	191
6467	191
6468	191
6469	191
6470	191
6471	191
6472	191
6473	191
6474	191
6475	191
6476	191
6477	191
6478	191
6479	191
6480	191
6481	191
6482	191
6483	191
6484	191
6485	191
6486	191
6487	191
6488	191
6489	191
6490	191
6491	191
6492	191
6493	191
6494	191
6495	191
6496	191
6497	191
6498	191
6499	191
6500	191
6501	191
6502	191
6503	191
6504	191
6505	191
6506	191
6507	191
6508	191
6509	191
6510	191
6511	191
6512	191
6513	191
6514	191
6515	191
6516	191
6517	191
6518	191
6519	191
6520	191
6521	191
6522	191
6523	191
6524	191
6525	191
6526	191
6527	191
6528	191
6529	191
6530	191
6531	191
6532	191
6533	191
6534	191
6535	191
6536	191
6537	191
6538	191
6539	191
6540	191
6541	191
6542	191
6543	191
6544	191
6545	191
6546	191
6547	191
6548	191
6549	191
6550	191
6551	191
6552	191
6553	191
6554	191
6555	191
6556	191
6557	191
6558	191
6559	191
6560	191
6561	191
6562	191
6563	191
6564	191
6565	191
6566	191
6567	191
6568	191
6569	191
6570	191
6571	191
6572	191
6573	191
6574	191
6575	191
6576	191
6577	191
6578	191
6579	191
6580	191
6581	191
6582	191
6583	191
6584	191
6585	191
6586	191
6587	191
6588	191
6589	191
6590	191
6591	191
6592	191
6593	191
6594	191
6595	192
6596	192
6597	192
6598	192
6599	192
6600	192
6601	192
6602	192
6603	192
6604	192
6605	192
6606	192
6607	192
6608	192
6609	192
6610	192
6611	192
6612	192
6613	192
6614	192
6615	192
6616	192
6617	192
6618	192
6619	192
6620	192
6621	192
6622	192
6623	192
6624	192
6625	192
6626	192
6627	192
6628	192
6629	192
6630	192
6631	192
6632	192
6633	192
6634	192
6635	192
6636	192
6637	192
6638	192
6639	192
6640	192
6641	192
6642	192
6643	192
6644	192
6645	192
6646	192
6647	192
6648	192
6649	192
6650	192
6651	192
6652	192
6653	192
6654	192
6655	192
6656	192
6657	192
6658	192
6659	192
6660	192
6661	192
6662	192
6663	192
6664	192
6665	192
6666	192
6667	192
6668	192
6669	192
6670	192
6671	192
6672	192
6673	192
6674	192
6675	192
6676	192
6677	192
6678	192
6679	192
6680	192
6681	192
6682	192
6683	192
6684	192
6685	192
6686	192
6687	192
6688	192
6689	192
6690	192
6691	192
6692	192
6693	192
6694	192
6695	192
6696	192
6697	192
6698	192
6699	192
6700	192
6701	192
6702	192
6703	192
6704	192
6705	192
6706	192
6707	192
6708	192
6709	192
6710	192
6711	192
6712	192
6713	192
6714	192
6715	192
6716	192
6717	192
6718	192
6719	192
6720	192
6721	192
6722	192
6723	192
6724	192
6725	192
6726	192
6727	192
6728	192
6729	192
6730	192
6731	192
6732	192
6733	192
6734	192
6735	192
6736	192
6737	192
6738	192
6739	192
6740	192
6741	192
6742	192
6743	192
6744	192
6745	192
6746	192
6747	192
6748	192
6749	192
6750	192
6751	192
6752	192
6753	192
6754	192
6755	192
6756	192
6757	192
6758	192
6759	192
6760	192
6761	192
6762	192
6763	192
6764	192
6765	192
6766	192
6767	192
6768	192
6769	192
6770	192
6771	192
6772	192
6773	192
6774	192
6775	192
6776	192
6777	192
6778	192
6779	192
6780	192
6781	192
6782	192
6783	192
6784	192
6785	192
6786	192
6787	192
6788	192
6789	192
6790	192
6791	192
6792	192
6793	192
6794	192
6795	192
6796	192
6797	192
6798	192
6799	192
6800	192
6801	192
6802	192
6803	192
6804	192
6805	192
6806	192
6807	192
6808	192
6809	192
6810	192
6811	192
6812	192
6813	192
6814	192
6815	192
6816	192
6817	192
6818	192
6819	192
6820	192
6821	192
6822	192
6823	192
6824	192
6825	192
6826	192
6827	192
6828	192
6829	192
6830	192
6831	192
6832	192
6833	192
6834	192
6835	192
6836	192
6837	192
6838	192
6839	192
6840	192
6841	192
6842	192
6843	192
6844	192
6845	192
6846	192
6847	192
6848	192
6849	192
6850	192
6851	192
6852	192
6853	192
6854	192
6855	192
6856	192
6857	192
6858	192
6859	192
6860	192
6861	192
6862	192
6863	192
6864	192
6865	192
6866	192
6867	192
6868	192
6869	192
6870	192
6871	192
6872	192
6873	192
6874	192
6875	192
6876	192
6877	192
6878	192
6879	192
6880	192
6881	192
6882	192
6883	192
6884	192
6885	192
6886	192
6887	192
6888	192
6889	192
6890	192
6891	192
6892	192
6893	192
6894	192
6895	192
6896	192
6897	192
6898	192
6899	192
6900	192
6901	192
6902	192
6903	192
6904	192
6905	192
6906	192
6907	192
6908	192
6909	192
6910	192
6911	192
6912	192
6913	192
6914	192
6915	192
6916	192
6917	192
6918	192
6919	192
6920	192
6921	192
6922	192
6923	192
6924	192
6925	192
6926	192
6927	192
6928	192
6929	192
6930	192
6931	192
6932	192
6933	192
6934	192
6935	192
6936	192
6937	192
6938	192
6939	192
6940	192
6941	192
6942	192
6943	192
6944	192
6945	192
6946	192
6947	192
6948	192
6949	192
6950	192
6951	192
6952	192
6953	192
6954	192
6955	192
6956	192
6957	192
6958	192
6959	192
6960	192
6961	192
6962	192
6963	192
6964	192
6965	193
6966	193
6967	193
6968	193
6969	193
6970	193
6971	193
6972	193
6973	193
6974	193
6975	193
6976	193
6977	193
6978	193
6979	193
6980	193
6981	193
6982	193
6983	193
6984	193
6985	193
6986	193
6987	193
6988	193
6989	193
6990	193
6991	193
6992	193
6993	193
6994	193
6995	193
6996	193
6997	193
6998	193
6999	193
7000	193
7001	193
7002	193
7003	193
7004	193
7005	193
7006	193
7007	193
7008	193
7009	193
7010	193
7011	193
7012	193
7013	193
7014	193
7015	193
7016	193
